학력,학과,학점,어학,,,,,,,,,,,,
지방4년,컴퓨터학부, 학점 4.05/4.5, 토익 730, 오픽 IM2, 자격증 3개, 수상 2회, 자원봉사 1회,13,842, 읽음,,,,,
수도권4년,컴퓨터학부, 학점 3.43/4.5, 토익 610, 자격증 1개, 인턴 2회, 수상 3회, 자원봉사 1회,16,463, 읽음,,,,,
수도권4년,컴퓨터학부, 학점 3.5/4.5,0, 해외경험 1회, 인턴 1회,10,25, 읽음,,,,,,,
대학원, 통신공학과, 학점 3.9/4.5, 토익 435, 자격증 6개, 동아리 1회, 교내활동 1회,19,493, 읽음,,,,,,
수도권4년,컴퓨터학부, 학점 3.07/4.5,0, 인턴 1회, 동아리 1회,47,415, 읽음,,,,,,,
수도권4년,컴퓨터학부, 학점 3.6/4.5, 오픽 M2, 자격증 1개, 인턴 1회,5,675, 읽음,,,,,,,
수도권4년,컴퓨터학부, 학점 3.7/4.5, 토익 790, 토스 Level6, 자격증 1개, 수상 1회, 자원봉사 1회,3,281, 읽음,,,,,
수도권4년, 응용통계학과, 학점 3.4/4.5, 토익 935,5,679, 읽음,,,,,,,,,
수도권4년,컴퓨터학부, 학점 3.5/4.5, 토익 780, 토스 Level4,3,37, 읽음,,,,,,,,
수도권4년,컴퓨터학부, 학점 4.2/4.5, 토스 Level7, 자격증 1개,6,852, 읽음,,,,,,,,
지방4년,컴퓨터학부, 학점 3.78/4.5, 토스 Level5, 자격증 2개, 수상 3회, 동아리 1회,28,771, 읽음,,,,,,
수도권4년,컴퓨터학부, 학점 3.9/4.5, 토익 940, 자격증 1개,7,359, 읽음,,,,,,,,
지방4년,컴퓨터학부, 학점 3.8/4.5, 토익 780, 토스 Level6, 자격증 2개,6,525, 읽음,,,,,,,
대학원,컴퓨터학부, 학점 4.13/4.5, 토익 690, 토스 Level5, 오픽 IM2, 자격증 1개, 인턴 1회,9,344, 읽음,,,,,
지방4년,컴퓨터학부, 학점 3.6/4.5, 토익 870, 토스 Level6, 오픽 IH, 자격증 2개, 해외경험 1회, 인턴 1회,10,920, 읽음,,,,
지방4년,컴퓨터학부, 학점 4.05/4.5, 토익 730, 오픽 IM2, 자격증 3개, 수상 2회, 자원봉사 1회,38,897, 읽음,,,,,
지방4년,컴퓨터학부, 학점 4.05/4.5, 토익 730, 오픽 IM2, 자격증 3개, 수상 2회, 자원봉사 1회,4,269, 읽음,,,,,
지방4년,컴퓨터학부, 학점 4.05/4.5, 토익 730, 오픽 IM2, 자격증 3개, 수상 2회, 자원봉사 1회,20,569, 읽음,,,,,
지방4년,컴퓨터학부, 학점 3.5/4.5, 오픽 IL, 자격증 2개, 인턴 1회,2,973, 읽음,,,,,,,
수도권4년,컴퓨터학부, 학점 4.2/4.5, 토스 Level7, 자격증 1개,3,879, 읽음,,,,,,,,
대졸4년, 인문학부, 학점 3.5/4.5, 토익 910, 자격증 1개, 인턴 1회,15,98, 읽음,,,,,,,
수도권4년,컴퓨터학부, 학점 3.5/4.5, 토익 780, 토스 Level4,3,732, 읽음,,,,,,,,
대졸4년, 소프트웨어공학, 학점 3.4/4.5,0, 수상 1회, 자원봉사 1회,16,658, 읽음,,,,,,,
대졸4년, 소프트웨어공학, 학점 3.4/4.5,0, 수상 1회, 자원봉사 1회,27,694, 읽음,,,,,,,
수도권4년,컴퓨터학부, 학점 3.7/4.5, 토익 850, 토스 Level6, 자격증 1개, 인턴 1회,11,935, 읽음,,,,,,
수도권4년,컴퓨터학부, 학점 3.4/4.5, 토익 820, 토스 Level6, 자격증 1개,3,191, 읽음,,,,,,,
수도권4년, 정보통신공학, 학점 2.92/4.5,0, 사회활동 1회, 자원봉사 2회,11,221, 읽음,,,,,,,
대학원,전기전자, 학점 3.81/4.5, 토익 865, 토스 Level5, 오픽 IM2, 자격증 1개, 인턴 1회,19,747, 읽음,,,,,
수도권4년,컴퓨터학부, 학점 3.5/4.5, 토익 780, 토스 Level4,2,902, 읽음,,,,,,,,
대졸4년,컴퓨터학부, 학점 3.74/4.5, 토익 850, 토스 Level6, 자격증 1개, 인턴 2회,11,730, 읽음,,,,,,
대학원,컴퓨터학부, 학점 3.47/4.5, 오픽 IL, 인턴 1회, 수상 1회,21,948, 읽음,,,,,,,
수도권4년, 정보통신공학, 학점 3.57/4.5, 토익 810, 토스 Level5, 자격증 2개, 인턴 1회, 수상 1회,5,577, 읽음,,,,,
수도권4년, 정보통신공학, 학점 3.3/4.5, 토익 930, 오픽 AL, 해외경험 2회, 인턴 1회, 자원봉사 1회,4,842, 읽음,,,,,
수도권4년,컴퓨터학부, 학점 3.7/4.5, 토익 850, 자격증 1개, 인턴 1회,5,21, 읽음,,,,,,,
수도권4년, 정보통신공학, 학점 2.92/4.5,0, 사회활동 1회, 자원봉사 2회,8,973, 읽음,,,,,,,
대학원,컴퓨터학부, 학점 4.44/4.5, 토익 765, 오픽 IM1, 자격증 2개, 수상 7회, 자원봉사 3회,18,785, 읽음,,,,,
초대졸,컴퓨터학부, 학점 4/4.5, 토익 805, 토스 Level6, 자격증 5개,15,150, 읽음,,,,,,,
수도권4년,컴퓨터학부, 학점 3.4/4.5, 토익 845, 토스 Level6, 자격증 5개, 해외경험 1회, 인턴 1회, 수상 3회,11,761, 읽음,,,,
수도권4년,컴퓨터학부, 학점 3.32/4.5, 토익 780, 자격증 2개, 인턴 1회,10,387, 읽음,,,,,,,
수도권4년,컴퓨터학부, 학점 4.1/4.5, 토익 845, 오픽 IH, 교내활동 1회,8,923, 읽음,,,,,,,
수도권4년,산업공학, 학점 3.7/4.5, 토익 820, 토스 Level6, 자격증 1개, 인턴 1회,8,778, 읽음,,,,,,
지방4년,컴퓨터학부, 학점 4.05/4.5, 오픽 IM2, 자격증 3개, 수상 2회, 자원봉사 1회,3,759, 읽음,,,,,,
수도권4년,컴퓨터학부, 학점 3.2/4.5, 토익 845, 토스 Level6, 인턴 1회,15,544, 읽음,,,,,,,
수도권4년,산업공학, 학점 3.47/4.5, 토익 755, 오픽 IM2, 자격증 3개, 인턴 1회, 자원봉사 3회,25,51, 읽음,,,,,
수도권4년,전기전자, 학점 3.9/4.5, 토스 Level6, 자격증 2개, 인턴 1회, 수상 2회, 동아리 2회,71,965, 읽음,,,,,
수도권4년,컴퓨터학부, 학점 3.2/4.5, 오픽 IH, 자격증 3개, 인턴 1회,21,832, 읽음,,,,,,,
지방4년,컴퓨터학부, 학점 4.2/4.5, 토익 800,12,691, 읽음,,,,,,,,,
수도권4년, 정보통신공학, 학점 3.3/4.5, 토익 930, 오픽 AL, 해외경험 2회, 인턴 1회, 자원봉사 1회,4,750, 읽음,,,,,
수도권4년,전기전자, 학점 3.5/4.5, 토익 900, 토스 Level6, 자격증 1개, 인턴 1회, 수상 1회, 동아리 1회,16,979, 읽음,,,,
지방4년,컴퓨터학부, 학점 4.13/4.5, 토익 690, 토스 Level5, 오픽 IM2, 자격증 1개, 인턴 1회,65,552, 읽음,,,,,
초대졸, 일본어과, 학점 2.61/4.5,0,20,397, 읽음,,,,,,,,,
수도권4년,컴퓨터학부, 학점 3.2/4.5,0, 인턴 1회,8,265, 읽음,,,,,,,,
대졸4년,컴퓨터학부, 학점 3.74/4.5, 토익 850, 토스 Level6, 자격증 1개, 인턴 2회,3,814, 읽음,,,,,,
수도권4년, 정보통신공학, 학점 3.8/4.5, 토익 910, 오픽 IH, 인턴 1회, 수상 1회, 자원봉사 1회,5,365, 읽음,,,,,
수도권4년, 사이버보안학과, 학점 4.18/4.5, 토익 895, 자격증 1개, 인턴 1회,54,838, 읽음,,,,,,,
대학원,컴퓨터학부, 학점 3.47/4.5, 오픽 IL, 인턴 1회, 수상 1회,32,404, 읽음,,,,,,,
대졸4년, 정보통신공학, 학점 3.66/4.5, 토익 845, 토스 Level6, 자격증 2개, 수상 1회,9,358, 읽음,,,,,,
수도권4년,컴퓨터학부, 학점 3.6/4.5, 토익 775, 오픽 IL, 자격증 3개, 자원봉사 1회,8,19, 읽음,,,,,,
초대졸,컴퓨터학부, 학점 4/4.5, 토익 805, 토스 Level6, 자격증 5개,7,478, 읽음,,,,,,,
대졸4년,컴퓨터학부, 학점 3.01/4.5, 토익 840, 오픽 IH, 자격증 1개,12,963, 읽음,,,,,,,
대졸4년,컴퓨터학부, 학점 3.01/4.5, 토익 840, 오픽 IH, 자격증 1개,12,511, 읽음,,,,,,,
수도권4년,컴퓨터학부, 학점 3.2/4.5, 토익 845, 토스 Level6, 인턴 1회,8,824, 읽음,,,,,,,
수도권4년,컴퓨터학부, 학점 3.82/4.5, 토익 735, 자격증 2개, 수상 1회,33,162, 읽음,,,,,,,
해외대학, 소프트웨어공학, 학점 3.6/4.5,0,21,341, 읽음,,,,,,,,,
수도권4년,컴퓨터학부, 학점 3.2/4.5, 토익 845, 오픽 IM2, 자격증 4개, 해외경험 1회, 수상 2회, 자원봉사 2회,147,342, 읽음,,,,
수도권4년,컴퓨터학부, 학점 3.89/4.5, 토익 890, 오픽 IH, 자격증 1개, 해외경험 1회, 인턴 2회, 수상 2회,26,31, 읽음,,,,
수도권4년,컴퓨터학부, 학점 3.7/4.5, 토익 825, 오픽 IH, 자격증 1개, 인턴 1회,2,482, 읽음,,,,,,
지방4년,컴퓨터학부, 학점 3.8/4.5, 토익 760, 자격증 2개, 인턴 1회, 수상 2회,69,947, 읽음,,,,,,
수도권4년,컴퓨터학부, 학점 3.1/4.5, 토익 705, 자격증 1개, 인턴 1회,10,727, 읽음,,,,,,,
수도권4년, 공간정보공학과, 학점 3.62/4.5,0,38,864, 읽음,,,,,,,,,
수도권4년,컴퓨터학부, 학점 4.2/4.5, 토스 Level7, 자격증 1개,2,742, 읽음,,,,,,,,
수도권4년,컴퓨터학부, 학점 3.1/4.5, 토익 705, 자격증 1개, 인턴 1회,3,63, 읽음,,,,,,,
초대졸, IPTV서비스과, 학점 3.64/4.3,0, 사회활동 1회,10,525, 읽음,,,,,,,,
수도권4년,컴퓨터학부, 학점 3.13/4.5,0, 인턴 1회, 수상 3회,83,302, 읽음,,,,,,,
수도권4년,전기전자, 학점 3.5/4.5, 토익 775, 자격증 1개, 해외경험 1회,10,309, 읽음,,,,,,,
고졸, 자격증 4개, 수상 3회,0, 교내활동 1회, 사회활동 1회,16,912, 읽음,,,,,,,
수도권4년,컴퓨터학부, 학점 3.7/4.5, 토익 765, 토스 Level5, 자격증 1개, 인턴 1회,7,490, 읽음,,,,,,
수도권4년,컴퓨터학부, 학점 3.9/4.5, 토익 940, 자격증 1개,7,161, 읽음,,,,,,,,
수도권4년,컴퓨터학부, 학점 3.3/4.5, 토익 865, 토스 Level6, 수상 1회,6,20, 읽음,,,,,,,
수도권4년, 응용통계학과, 학점 3.67/4.5, 토익 990, 토스 Level8, 오픽 AL, 자격증 1개, 해외경험 1회, 인턴 1회, 수상 1회, 동아리 2회,27,498, 읽음,,
수도권4년,컴퓨터학부, 학점 3.67/4.5, 토익 700, 토스 Level6, 자격증 1개, 자원봉사 3회,41,389, 읽음,,,,,,
수도권4년,전기전자, 학점 3.9/4.5, 토스 Level6, 자격증 2개, 인턴 1회, 수상 2회, 동아리 2회,48,158, 읽음,,,,,
수도권4년,컴퓨터학부, 학점 3.3/4.5, 토익 865, 자격증 4개, 해외경험 1회, 인턴 1회, 수상 1회, 자원봉사 1회,5,942, 읽음,,,,
수도권4년,컴퓨터학부, 학점 3.07/4.5,0, 인턴 1회, 동아리 1회,24,548, 읽음,,,,,,,
수도권4년,컴퓨터학부, 학점 3.43/4.5, 토익 610, 자격증 1개, 인턴 2회, 수상 3회, 자원봉사 1회,21,757, 읽음,,,,,
대학원, 휴먼ICT융합학과, 학점 4.07/4.5, 오픽 IM2, 자격증 5개, 인턴 2회, 수상 2회,58,983, 읽음,,,,,,
수도권4년,산업공학, 학점 3.5/4.5, 토익 740, 토스 Level6, 자격증 1개, 인턴 1회,2,891, 읽음,,,,,,
지방4년, 물류시스템공학과, 학점 3.8/4.5, 토익 925, 토스 Level6, 오픽 IH, 자격증 4개, 해외경험 1회,7,231, 읽음,,,,,
지방4년,컴퓨터학부, 학점 4.05/4.5, 토익 730, 오픽 IM2, 자격증 3개, 수상 2회, 자원봉사 1회,23,680, 읽음,,,,,
수도권4년,컴퓨터학부, 학점 4.1/4.5, 토익 630, 자격증 3개, 수상 1회, 자원봉사 3회,6,915, 읽음,,,,,,
수도권4년,컴퓨터학부, 학점 3.7/4.5, 토익 850, 토스 Level6, 자격증 1개, 인턴 1회,3,627, 읽음,,,,,,
수도권4년,컴퓨터학부, 학점 3.7/4.5, 토익 735, 오픽 IH, 자격증 4개, 해외경험 1회, 인턴 1회, 자원봉사 1회,4,412, 읽음,,,,
지방4년,컴퓨터학부, 학점 3.3/4.5, 토익 765, 오픽 IL, 자격증 1개, 수상 1회,2,767, 읽음,,,,,,
수도권4년, 정보통신공학, 학점 4.02/4.5, 토익 810, 토스 Level6, 자격증 3개,10,80, 읽음,,,,,,,
지방4년,컴퓨터학부, 학점 4.05/4.5, 토익 730, 오픽 IM2, 자격증 3개, 해외경험 1회, 수상 2회, 자원봉사 1회,28,799, 읽음,,,,
대학원,전기전자, 학점 3.81/4.5, 토익 780, 토스 Level5, 오픽 IM2, 자격증 1개, 인턴 1회,22,221, 읽음,,,,,
대학원,전기전자, 학점 3.81/4.5, 토익 780, 토스 Level5, 오픽 IM2, 자격증 1개, 인턴 1회,15,228, 읽음,,,,,
지방4년,컴퓨터학부, 학점 4.05/4.5, 토익 730, 오픽 IM2, 자격증 3개, 수상 2회, 자원봉사 1회,7,655, 읽음,,,,,
수도권4년,산업공학, 학점 3.47/4.5, 토익 755, 오픽 IM2, 자격증 3개, 인턴 1회, 자원봉사 3회,7,645, 읽음,,,,,
대졸4년, 소프트웨어공학, 학점 3.4/4.5,0, 수상 1회, 자원봉사 1회,3,303, 읽음,,,,,,,
수도권4년, 응용통계학과, 학점 3.63/4.5, 토익 900, 자격증 2개, 인턴 1회, 자원봉사 1회,9,736, 읽음,,,,,,
대학원, 휴먼ICT융합학과, 학점 4.07/4.5, 오픽 IM2, 자격증 5개, 인턴 2회, 수상 2회,33,570, 읽음,,,,,,
지방4년,컴퓨터학부, 학점 3.2/4.5, 토익 755, 자격증 4개, 인턴 2회, 수상 1회,27,409, 읽음,,,,,,
대학원,전기전자, 학점 4.36/4.5, 토스 Level5, 오픽 IL, 제2외국어 2개, 자격증 1개, 동아리 1회, 자원봉사 1회,16,372, 읽음,,,,
지방4년,컴퓨터학부, 학점 4.05/4.5, 토익 730, 오픽 IM2, 자격증 3개, 수상 2회, 자원봉사 1회,22,952, 읽음,,,,,
수도권4년,전기전자, 학점 4.23/4.5, 오픽 IM2, 자격증 2개, 수상 2회, 동아리 1회, 교내활동 1회,31,594, 읽음,,,,,
수도권4년,컴퓨터학부, 학점 3.07/4.5,0, 인턴 1회, 동아리 1회,19,494, 읽음,,,,,,,
수도권4년, 소프트웨어공학, 학점 3.3/4.5,0, 자원봉사 1회,5,329, 읽음,,,,,,,,
수도권4년,컴퓨터학부, 학점 2.7/4.5, 토스 Level5, 인턴 1회, 수상 3회, 자원봉사 2회,2,919, 읽음,,,,,,
수도권4년,컴퓨터학부, 학점 3.99/4.5,0, 수상 1회, 동아리 1회, 교내활동 1회,26,253, 읽음,,,,,,
지방4년,컴퓨터학부, 학점 3.5/4.5, 오픽 IL, 자격증 2개, 인턴 1회,4,401, 읽음,,,,,,,
수도권4년,컴퓨터학부, 학점 3.7/4.5, 토익 850, 토스 Level6, 자격증 1개, 인턴 1회,17,177, 읽음,,,,,,
수도권4년, 정보통신공학, 학점 3.17/4.5, 토익 905, 오픽 IH, 제2외국어 1개, 자격증 2개, 해외경험 14회, 인턴 1회, 동아리 4회, 교내활동 1회, 사회활동 1회,16,782, 읽음,
대학원, 휴먼ICT융합학과, 학점 4.07/4.5, 오픽 IM2, 자격증 5개, 인턴 2회, 수상 2회,4,126, 읽음,,,,,,
지방4년,전기전자, 학점 3.3/4.5, 토익 855, 오픽 IM2, 자격증 1개,23,220, 읽음,,,,,,,
수도권4년,컴퓨터학부, 학점 3.9/4.5, 토익 940, 자격증 1개,6,316, 읽음,,,,,,,,
수도권4년,컴퓨터학부, 학점 3.3/4.5,0,14,213, 읽음,,,,,,,,,
지방4년,컴퓨터학부, 학점 3.3/4.5,0, 인턴 1회, 수상 3회,8,365, 읽음,,,,,,,
대졸4년,컴퓨터학부, 학점 4.17/4.5, 토익 730, 토스 Level6, 제2외국어 1개, 자격증 4개,24,646, 읽음,,,,,,
지방4년,컴퓨터학부, 학점 3.8/4.5,0,2,996, 읽음,,,,,,,,,
수도권4년,산업공학, 학점 3.68/4.5, 토익 810, 토스 Level6, 자격증 3개, 해외경험 1회, 인턴 2회, 수상 1회, 교내활동 1회, 사회활동 1회, 자원봉사 2회,8,850, 읽음,
수도권4년,컴퓨터학부, 학점 3.6/4.5, 오픽 M2, 자격증 1개, 인턴 1회,15,430, 읽음,,,,,,,
지방4년, 정보통신공학, 학점 3.5/4.5,0,467, 읽음,,,,,,,,,,
지방4년,컴퓨터학부, 학점 3.52/4.5, 토익 880, 오픽 IM2, 자격증 1개, 해외경험 1회, 인턴 1회, 수상 1회,23,744, 읽음,,,,
대학원,전기전자, 학점 4.36/4.5, 토스 Level5, 오픽 IL, 제2외국어 2개, 자격증 1개, 동아리 1회, 자원봉사 1회,4,782, 읽음,,,,
수도권4년,컴퓨터학부, 학점 3.5/4.5, 토익 780, 토스 Level4,2,829, 읽음,,,,,,,,
지방4년,컴퓨터학부, 학점 4.05/4.5, 토익 730, 오픽 IM2, 자격증 3개, 수상 2회, 자원봉사 1회,31,388, 읽음,,,,,
대학원,컴퓨터학부, 학점 4.44/4.5, 토익 765, 오픽 IM1, 자격증 2개, 수상 7회, 자원봉사 3회,13,685, 읽음,,,,,
수도권4년, 정보통신공학, 학점 3.85/4.5, 토익 770, 토스 Level5, 자격증 5개, 수상 2회,15,453, 읽음,,,,,,
수도권4년,컴퓨터학부, 학점 3.7/4.5, 토익 825, 오픽 IH, 자격증 1개, 인턴 1회,3,307, 읽음,,,,,,
수도권4년,컴퓨터학부, 학점 3.6/4.5,0, 인턴 1회, 수상 1회, 자원봉사 1회,13,169, 읽음,,,,,,
수도권4년,컴퓨터학부, 학점 3.3/4.5,0, 해외경험 3회, 인턴 1회,3,191, 읽음,,,,,,,
대학원,컴퓨터학부, 학점 4.44/4.5, 토익 765, 오픽 IM1, 자격증 2개, 수상 7회, 자원봉사 3회,31,472, 읽음,,,,,
수도권4년, 경영학과_경영전공, 학점 3.85/4.5, 오픽 IH, 해외경험 1회, 인턴 1회, 수상 1회,163,668, 읽음,,,,,,
수도권4년,전기전자, 학점 3.2/4.5,0,612, 읽음,,,,,,,,,,
대졸4년, 소프트웨어공학, 학점 3.3/4.5,0, 자원봉사 1회,15,456, 읽음,,,,,,,,
수도권4년, 수학과, 학점 3.46/4.5, 토익 890, 토스 Level5, 자격증 2개,27,881, 읽음,,,,,,,
지방4년,컴퓨터학부, 학점 3.7/4.5, 토익 840, 토스 Level7, 오픽 IH, 해외경험 1회, 인턴 1회, 수상 1회,3,702, 읽음,,,,
수도권4년,컴퓨터학부, 학점 3.4/4.5, 토익 845,7,509, 읽음,,,,,,,,,
수도권4년,컴퓨터학부, 학점 2.7/4.5,0, 자원봉사 2회,9,376, 읽음,,,,,,,,
수도권4년,컴퓨터학부, 학점 3.3/4.5, 토익 865, 토스 Level6, 수상 1회,10,754, 읽음,,,,,,,
수도권4년, 정보통신공학, 학점 3.8/4.5, 토익 600,3,879, 읽음,,,,,,,,,
지방4년,컴퓨터학부, 학점 4.05/4.5, 오픽 IM2, 자격증 3개, 수상 2회, 자원봉사 1회,7,104, 읽음,,,,,,
지방4년,전기전자, 학점 3.7/4.5, 토익 735, 토스 Level6,6,107, 읽음,,,,,,,,
수도권4년,컴퓨터학부, 학점 3.6/4.5, 오픽 M2, 인턴 1회,6,956, 읽음,,,,,,,,
수도권4년,컴퓨터학부, 학점 3.6/4.5, 토익 805, 토스 Level5, 자격증 1개,10,134, 읽음,,,,,,,
수도권4년, 정보통신공학, 학점 2.92/4.5,0, 사회활동 1회, 자원봉사 2회,6,8, 읽음,,,,,,,
수도권4년, 항공재료공학과, 학점 3.15/4.5, 토익 890, 토스 Level6, 자격증 3개, 인턴 1회, 수상 1회,37,349, 읽음,,,,,
수도권4년, 소프트웨어공학, 학점 3.4/4.5,0, 수상 1회,11,102, 읽음,,,,,,,,
지방4년,컴퓨터학부, 학점 4.2/4.5, 토익 800, 토스 Level6,4,529, 읽음,,,,,,,,
수도권4년,산업공학, 학점 3.47/4.5, 토익 755, 오픽 IM2, 자격증 3개, 인턴 1회, 자원봉사 3회,12,230, 읽음,,,,,
수도권4년, 융합전자공학부, 학점 3.4/4.5, 토익 925, 자격증 1개, 인턴 1회,6,613, 읽음,,,,,,,
수도권4년, 응용통계학과, 학점 3.33/4.3, 토익 950, 오픽 AL, 인턴 2회, 수상 3회, 동아리 1회,151,678, 읽음,,,,,
지방4년,컴퓨터학부, 학점 4.05/4.5, 토익 730, 오픽 IM2, 자격증 3개, 수상 2회, 자원봉사 1회,32,609, 읽음,,,,,
지방4년,컴퓨터학부, 학점 4.05/4.5, 토익 730, 오픽 IM2, 자격증 3개, 수상 2회, 자원봉사 1회,16,838, 읽음,,,,,
수도권4년, 항공재료공학과, 학점 3.15/4.5, 토익 890, 토스 Level6, 자격증 3개, 인턴 1회, 수상 1회,9,274, 읽음,,,,,
수도권4년, 정보통신공학, 학점 3.58/4.5, 토익 945, 토스 AL, 자격증 2개, 인턴 2회, 수상 1회, 사회활동 1회,8,296, 읽음,,,,
수도권4년, 정보통신공학, 학점 3.6/4.5, 토익 845, 수상 1회,10,102, 읽음,,,,,,,,
수도권4년,컴퓨터학부, 학점 3.4/4.5, 토익 820, 토스 Level6, 자격증 1개,10,525, 읽음,,,,,,,
지방4년,컴퓨터학부, 학점 4.05/4.5, 토익 730, 오픽 IM2, 자격증 3개, 수상 2회, 자원봉사 1회,13,733, 읽음,,,,,
수도권4년,컴퓨터학부, 학점 3.2/4.5,0,17,639, 읽음,,,,,,,,,
수도권4년, 문화기획, 학점 3.97/4.5,0,395, 읽음,,,,,,,,,,
수도권4년, 정보통신공학, 학점 4.02/4.5, 토익 810, 토스 Level6, 자격증 3개, 인턴 1회,11,711, 읽음,,,,,,
수도권4년,컴퓨터학부, 학점 3.56/4.5, 토익 805, 인턴 1회,126,607, 읽음,,,,,,,,
수도권4년,컴퓨터학부, 학점 3.3/4.5, 토익 865, 토스 Level6, 수상 1회,34,363, 읽음,,,,,,,
수도권4년,전기전자, 학점 2.74/4.5, 토익 620, 토스 Level3, 자격증 4개,18,140, 읽음,,,,,,,
대학원, 휴먼ICT융합학과, 학점 4.07/4.5, 오픽 IM2, 자격증 5개, 인턴 2회, 수상 2회,16,219, 읽음,,,,,,
수도권4년, 정보통신공학, 학점 3.68/4.5, 토익 845, 토스 Level6, 자격증 2개, 수상 1회,13,503, 읽음,,,,,,
수도권4년, 응용통계학과, 학점 3.64/4.5, 토스 Level6, 자격증 4개, 인턴 1회, 수상 2회, 사회활동 2회,14,399, 읽음,,,,,
수도권4년, 정보통신공학, 학점 3.58/4.5, 토익 945, 토스 AL, 자격증 2개, 인턴 2회, 수상 1회, 사회활동 1회,12,322, 읽음,,,,
수도권4년,컴퓨터학부, 학점 3.4/4.5, 토익 820, 토스 Level6, 자격증 1개,5,580, 읽음,,,,,,,
지방4년,컴퓨터학부, 학점 4.12/4.5,0, 인턴 1회,8,569, 읽음,,,,,,,,
지방4년,컴퓨터학부, 학점 4.05/4.5, 오픽 IM2, 자격증 3개, 해외경험 1회, 수상 2회,8,812, 읽음,,,,,,
해외대학, SoftwareEngineering, 학점 3.8/4.5,0, 해외경험 1회, 수상 1회, 자원봉사 1회,12,159, 읽음,,,,,,
수도권4년,전기전자, 학점 3.32/4.5, 토스 Level6, 수상 1회, 동아리 2회,40,153, 읽음,,,,,,,
대학원,컴퓨터학부, 학점 3.47/4.5, 오픽 IL, 인턴 1회, 수상 1회,17,492, 읽음,,,,,,,
대학원,컴퓨터학부, 학점 4/4.5,0,11,290, 읽음,,,,,,,,,
수도권4년, 정보통신공학, 학점 3.92/4.5, 토익 785, 토스 Level6, 자격증 3개, 해외경험 2회, 수상 1회, 동아리 1회,7,558, 읽음,,,,
수도권4년,컴퓨터학부, 학점 3.6/4.5,0, 인턴 1회, 수상 1회, 자원봉사 1회,20,247, 읽음,,,,,,
수도권4년,컴퓨터학부, 학점 4.1/4.5, 토익 845, 오픽 IH, 교내활동 1회,11,346, 읽음,,,,,,,
수도권4년,컴퓨터학부, 학점 3.4/4.5, 토익 790, 토스 Level6, 자격증 3개, 인턴 1회, 수상 1회,2,373, 읽음,,,,,
수도권4년, 소프트웨어공학, 학점 3.4/4.5,0, 수상 1회,5,934, 읽음,,,,,,,,
지방4년,컴퓨터학부, 학점 3.75/4.5, 오픽 IM2,5,749, 읽음,,,,,,,,,
대학원,전기전자, 학점 3.85/4.5, 토스 Level8, 해외경험 1회, 수상 1회,21,110, 읽음,,,,,,,
수도권4년, 응용통계학과, 학점 3.67/4.5, 토익 990, 토스 Level8, 오픽 AL, 자격증 1개, 해외경험 1회, 인턴 1회, 수상 1회, 동아리 2회,29,812, 읽음,,
수도권4년, 정보통신공학, 학점 3.4/4.5,0,206, 읽음,,,,,,,,,,
수도권4년, 정보통신공학, 학점 3.6/4.5, 토익 855, 자격증 1개,4,117, 읽음,,,,,,,,
지방4년, 정보통신공학, 학점 3.1/4.5, 토익 680, 오픽 IL, 자격증 2개,12,699, 읽음,,,,,,,
대졸4년,컴퓨터학부, 학점 3.01/4.5, 토익 840, 오픽 IH, 자격증 1개,4,356, 읽음,,,,,,,
수도권4년, 응용통계학과, 학점 3.33/4.3, 토익 950, 오픽 AL, 인턴 2회, 수상 3회, 동아리 1회,15,667, 읽음,,,,,
수도권4년, 응용통계학과, 학점 3.67/4.5, 토익 990, 토스 Level8, 오픽 AL, 자격증 1개, 해외경험 1회, 인턴 1회, 수상 1회, 동아리 2회,101,425, 읽음,,
지방4년, 제어계측공학과, 학점 4/4.5, 토익 840, 토스 Level6, 자격증 3개, 해외경험 1회, 인턴 1회, 수상 1회, 동아리 1회, 교내활동 1회,30,923, 읽음,,
수도권4년,컴퓨터학부, 학점 3.13/4.5,0, 인턴 1회, 수상 3회,5,368, 읽음,,,,,,,
지방4년,전기전자, 학점 3.3/4.5, 토익 855, 오픽 IM2, 자격증 1개,38,328, 읽음,,,,,,,
대졸4년,컴퓨터학부, 학점 3.74/4.5, 토익 850, 토스 Level6, 자격증 1개, 인턴 2회,28,314, 읽음,,,,,,
수도권4년,전기전자, 학점 3.43/4.5, 토익 810, 토스 Level6, 자격증 3개,4,619, 읽음,,,,,,,
지방4년,컴퓨터학부, 학점 4.13/4.5, 토익 690, 토스 Level5, 오픽 IM2, 자격증 1개, 인턴 1회,21,993, 읽음,,,,,
지방4년, 정보통신공학, 학점 3.2/4.5, 토익 715, 자격증 2개, 인턴 1회, 자원봉사 2회,10,618, 읽음,,,,,,
지방4년, 정보통신공학, 학점 3.2/4.5, 토익 715, 자격증 4개, 인턴 1회, 자원봉사 2회,11,502, 읽음,,,,,,
지방4년,컴퓨터학부, 학점 4.12/4.5,0, 인턴 1회,5,297, 읽음,,,,,,,,
수도권4년, 정보통신공학, 학점 3.85/4.5, 토익 770, 토스 Level5, 자격증 5개, 수상 2회,13,807, 읽음,,,,,,
지방4년,컴퓨터학부, 학점 3.9/4.3, 오픽 IL,20,855, 읽음,,,,,,,,,
수도권4년, 멀티미디어과학과, 학점 4.1/4.5, 토스 Level6, 자격증 1개,3,174, 읽음,,,,,,,,
지방4년,산업공학, 학점 3.1/4.5, 토익 900, 토스 Level6,17,725, 읽음,,,,,,,,
지방4년,컴퓨터학부, 학점 3.8/4.5, 토익 780, 토스 Level6, 자격증 2개,5,317, 읽음,,,,,,,
수도권4년,산업공학, 학점 3.47/4.5, 토익 755, 오픽 IM2, 자격증 3개, 인턴 1회, 자원봉사 3회,15,706, 읽음,,,,,
수도권4년, 정보통신공학, 학점 3.57/4.5, 토익 810, 토스 Level5, 자격증 2개, 인턴 1회, 수상 1회,7,272, 읽음,,,,,
수도권4년,전기전자, 학점 3.5/4.5, 토익 775, 자격증 1개, 해외경험 1회,1,852, 읽음,,,,,,,
대졸4년,컴퓨터학부, 학점 4.2/4.5,0,16,426, 읽음,,,,,,,,,
수도권4년, 영어영문학, 학점 3.92/4.5, 토익 965, 오픽 IH, 자격증 1개, 해외경험 1회, 동아리 1회, 자원봉사 1회,33,395, 읽음,,,,
수도권4년, 경제학과, 학점 3.44/4.3, 토익 850, 자격증 1개,17,593, 읽음,,,,,,,,
수도권4년,컴퓨터학부, 학점 2.7/4.5,0, 자원봉사 2회,6,42, 읽음,,,,,,,,
대학원, 휴먼ICT융합학과, 학점 4.07/4.5, 오픽 IM2, 자격증 5개, 인턴 2회, 수상 2회,11,779, 읽음,,,,,,
지방4년,컴퓨터학부, 학점 4/4.5, 토익 805, 토스 Level6, 자격증 2개,9,267, 읽음,,,,,,,
고졸, 자격증 4개, 수상 5회,0,62,882, 읽음,,,,,,,,,
대학원,컴퓨터학부, 학점 4.44/4.5, 토익 765, 오픽 IM1, 자격증 2개, 수상 7회, 자원봉사 3회,36,872, 읽음,,,,,
수도권4년,컴퓨터학부, 학점 4/4.5, 토익 805, 토스 Level6, 자격증 5개,9,36, 읽음,,,,,,,
수도권4년,컴퓨터학부, 학점 3.4/4.5, 토익 845,7,589, 읽음,,,,,,,,,
수도권4년, 미디어학, 학점 4/4.5, 토익 805, 토스 Level6, 자격증 1개, 자원봉사 2회,14,4, 읽음,,,,,,
대학원,컴퓨터학부, 학점 4.05/4.5, 토익 730, 오픽 IM2, 자격증 3개, 수상 2회, 자원봉사 1회,105,693, 읽음,,,,,
대졸4년, 소프트웨어공학, 학점 3.4/4.5,0, 수상 1회, 자원봉사 1회,13,919, 읽음,,,,,,,
수도권4년,컴퓨터학부, 학점 3.6/4.5, 토익 780, 토스 Level6, 자격증 2개, 해외경험 1회,6,106, 읽음,,,,,,
대졸4년, 인문학부, 학점 3.5/4.5, 토익 910, 자격증 1개, 인턴 1회,5,57, 읽음,,,,,,,
수도권4년,컴퓨터학부, 학점 4/4.5, 토익 815, 토스 Level6, 자격증 3개,5,55, 읽음,,,,,,,
지방4년,전기전자, 학점 3.5/4.5, 토익 795, 자격증 1개, 자원봉사 2회,4,463, 읽음,,,,,,,
수도권4년, 정보통신공학, 학점 3.2/4.5,0, 인턴 2회, 수상 2회,15,270, 읽음,,,,,,,
수도권4년,컴퓨터학부, 학점 3.83/4.5, 토익 945, 오픽 IM1, 자격증 3개, 수상 3회, 동아리 1회, 교내활동 1회,11,770, 읽음,,,,
지방4년, 정보통신공학, 학점 3.53/4.5,0,17,158, 읽음,,,,,,,,,
수도권4년,산업공학, 학점 3.47/4.5, 토익 755, 오픽 IM2, 자격증 3개, 인턴 1회, 자원봉사 3회,12,913, 읽음,,,,,
지방4년,컴퓨터학부, 학점 2.5/4.5,0,13,185, 읽음,,,,,,,,,
수도권4년,컴퓨터학부, 학점 4.2/4.5, 토스 Level7, 자격증 1개,5,934, 읽음,,,,,,,,
수도권4년,컴퓨터학부, 학점 3.67/4.5, 토익 700, 토스 Level6, 자격증 1개, 자원봉사 3회,13,396, 읽음,,,,,,
수도권4년, 정보통신공학, 학점 3.6/4.5,0,3,262, 읽음,,,,,,,,,
수도권4년, 정보통신공학, 학점 3.91/4.5, 토익 770, 토스 Level5, 자격증 5개, 수상 2회,15,865, 읽음,,,,,,
지방4년,컴퓨터학부, 학점 3.6/4.5, 토익 870, 토스 Level6, 오픽 IH, 자격증 2개, 해외경험 1회, 인턴 1회,7,381, 읽음,,,,
수도권4년, 사이버보안학과, 학점 4.18/4.5, 토익 895, 자격증 1개, 인턴 1회,37,659, 읽음,,,,,,,
수도권4년,컴퓨터학부, 학점 3.83/4.5, 토익 945, 오픽 IM1, 자격증 3개, 수상 3회, 동아리 1회, 교내활동 1회,33,38, 읽음,,,,
수도권4년,컴퓨터학부, 학점 3.6/4.5, 토스 Level5,3,478, 읽음,,,,,,,,,
수도권4년,컴퓨터학부, 학점 3.43/4.5, 토익 610, 자격증 1개, 인턴 2회, 수상 3회, 자원봉사 1회,27,647, 읽음,,,,,
대학원,전기전자, 학점 3.31/4.5,0, 동아리 1회, 교내활동 1회, 자원봉사 1회,14,971, 읽음,,,,,,
지방4년,컴퓨터학부, 학점 4.05/4.5, 오픽 IM2, 자격증 3개, 수상 2회, 자원봉사 1회,4,853, 읽음,,,,,,
대졸4년, 응용통계학과, 학점 3.78/4.5, 토스 Level6, 자격증 2개, 인턴 1회, 수상 1회, 사회활동 1회,28,556, 읽음,,,,,
수도권4년,컴퓨터학부, 학점 3.4/4.5, 토익 845, 토스 Level6, 자격증 5개, 해외경험 1회, 인턴 1회, 수상 3회,8,317, 읽음,,,,
수도권4년,컴퓨터학부, 학점 3.4/4.5, 토익 885, 자격증 1개, 인턴 1회,19,270, 읽음,,,,,,,
수도권4년, 소프트웨어공학, 학점 3.4/4.5,0, 수상 1회,25,319, 읽음,,,,,,,,
지방4년, 노인복지보건학과, 학점 3.8/4.5, 토익 755, 자격증 5개,10,186, 읽음,,,,,,,,
수도권4년, 정보통신공학, 학점 3.6/4.5, 토익 845, 수상 1회,29,42, 읽음,,,,,,,,
수도권4년,컴퓨터학부, 학점 3.4/4.5, 토익 845, 토스 Level6, 자격증 5개, 해외경험 1회, 인턴 1회, 수상 3회,10,425, 읽음,,,,
수도권4년, 응용통계, 학점 3.41/4.3, 토익 935, 토스 Level6, 인턴 2회,15,517, 읽음,,,,,,,
수도권4년,전기전자, 학점 3.4/4.5, 토익 890, 해외경험 1회, 인턴 1회,5,212, 읽음,,,,,,,
대학원,전기전자, 학점 3.81/4.5, 토익 865, 토스 Level5, 오픽 IM2, 자격증 1개, 인턴 1회,15,291, 읽음,,,,,
수도권4년,컴퓨터학부, 학점 3.9/4.5, 토익 940, 자격증 1개,4,699, 읽음,,,,,,,,
지방4년,컴퓨터학부, 학점 4.17/4.5, 토익 785, 토스 Level6, 제2외국어 2개, 자격증 4개,26,677, 읽음,,,,,,
수도권4년,산업공학, 학점 3.47/4.5, 토익 755, 오픽 IM2, 자격증 3개, 인턴 1회, 자원봉사 3회,28,720, 읽음,,,,,
수도권4년, 정보통신공학, 학점 4.02/4.5, 토익 810, 토스 Level6, 자격증 3개, 인턴 1회,5,581, 읽음,,,,,,
수도권4년,컴퓨터학부, 학점 3.4/4.5, 토익 790, 토스 Level6, 자격증 3개, 인턴 1회, 수상 1회,3,705, 읽음,,,,,
수도권4년,컴퓨터학부, 학점 4/4.5, 토익 715, 자격증 1개, 인턴 1회, 수상 1회, 자원봉사 1회,7,181, 읽음,,,,,
지방4년, 멀티미디어학과, 학점 4/4.5,0, 수상 1회, 자원봉사 1회,10,787, 읽음,,,,,,,
대학원,전기전자, 학점 3.31/4.5,0, 동아리 1회, 교내활동 1회, 자원봉사 1회,18,578, 읽음,,,,,,
수도권4년,컴퓨터학부, 학점 4.07/4.5, 토익 845, 오픽 IH, 인턴 1회, 교내활동 1회,15,873, 읽음,,,,,,
대졸4년,컴퓨터학부, 학점 3.74/4.5, 토익 850, 토스 Level6, 자격증 1개, 인턴 2회,10,713, 읽음,,,,,,
수도권4년, 정보통신공학, 학점 4.02/4.5, 토익 810, 토스 Level6, 자격증 3개, 인턴 1회,5,918, 읽음,,,,,,
지방4년,컴퓨터학부, 학점 3.3/4.5, 토익 890, 토스 Level7, 자격증 2개, 해외경험 1회,11,89, 읽음,,,,,,
대학원,컴퓨터학부, 학점 3.8/4.5,0,705, 읽음,,,,,,,,,,
대학원,전기전자, 학점 3.31/4.5,0, 동아리 1회, 교내활동 1회, 자원봉사 1회,21,726, 읽음,,,,,,
수도권4년,컴퓨터학부, 학점 3.8/4.5, 토익 780, 토스 Level5, 자격증 1개, 인턴 1회,23,69, 읽음,,,,,,
지방4년,컴퓨터학부, 학점 4.15/4.5,0, 수상 1회,5,114, 읽음,,,,,,,,
수도권4년,컴퓨터학부, 학점 3.83/4.5, 토익 945, 오픽 IM1, 자격증 3개, 수상 3회, 동아리 1회, 교내활동 1회,15,618, 읽음,,,,
지방4년,컴퓨터학부, 학점 4.12/4.5,0, 인턴 1회,43,806, 읽음,,,,,,,,
수도권4년,전기전자, 학점 3.32/4.5,0, 동아리 2회,26,946, 읽음,,,,,,,,
수도권4년, 정보통신공학, 학점 3.68/4.5, 토익 845, 토스 Level6, 자격증 2개, 수상 1회,8,595, 읽음,,,,,,
수도권4년, 경영학과_경영전공, 학점 3.85/4.5, 오픽 IH, 해외경험 1회, 인턴 1회, 수상 1회, 교내활동 1회,65,341, 읽음,,,,,
지방4년,컴퓨터학부, 학점 3.28/4.5, 오픽 IM2, 자격증 1개, 해외경험 1회,5,233, 읽음,,,,,,,
수도권4년,산업공학, 학점 3.3/4.5, 토스 Level6, 자격증 1개,23,289, 읽음,,,,,,,,
수도권4년,전기전자, 학점 3.4/4.5, 토익 800, 인턴 1회,4,106, 읽음,,,,,,,,
지방4년,컴퓨터학부, 학점 4.2/4.5, 토익 930, 오픽 IH, 자격증 1개, 해외경험 1회, 인턴 1회, 수상 1회, 자원봉사 1회,19,934, 읽음,,,
수도권4년,전기전자, 학점 3.32/4.5, 토스 Level6,24,237, 읽음,,,,,,,,,
수도권4년, 디지털정보공학과, 학점 3.7/4.5, 토익 820, 자격증 1개,4,527, 읽음,,,,,,,,
수도권4년,컴퓨터학부, 학점 3.7/4.5, 토익 850, 자격증 1개, 인턴 1회,2,162, 읽음,,,,,,,
수도권4년,컴퓨터학부, 학점 4.1/4.5, 토익 845, 교내활동 1회,35,484, 읽음,,,,,,,,
대학원, 통신공학과, 학점 3.9/4.5, 토익 435, 자격증 6개, 동아리 1회, 교내활동 1회,20,586, 읽음,,,,,,
대학원,전기전자, 학점 3.81/4.5, 토익 780, 토스 Level5, 자격증 1개, 인턴 1회,4,188, 읽음,,,,,,
수도권4년,컴퓨터학부, 학점 3.3/4.5, 토익 865, 토스 Level6, 수상 1회,6,734, 읽음,,,,,,,
수도권4년,컴퓨터학부, 학점 3.1/4.5, 토익 705, 자격증 1개, 인턴 1회,6,126, 읽음,,,,,,,
수도권4년, 정보통신공학, 학점 3.68/4.5, 토익 845, 토스 Level6, 자격증 2개, 수상 1회,4,457, 읽음,,,,,,
수도권4년,전기전자, 학점 3.32/4.5, 토스 Level6, 수상 1회, 동아리 2회,23,742, 읽음,,,,,,,
수도권4년,컴퓨터학부, 학점 3.7/4.5, 토익 765, 토스 Level5, 자격증 1개, 인턴 1회,14,290, 읽음,,,,,,
수도권4년,컴퓨터학부, 학점 3.4/4.5, 토익 790, 토스 Level6, 자격증 3개, 인턴 1회, 수상 1회,2,591, 읽음,,,,,
지방4년,컴퓨터학부, 학점 3.14/4.5, 토익 695, 자격증 1개, 수상 2회, 자원봉사 1회,8,512, 읽음,,,,,,
지방4년,컴퓨터학부, 학점 3.47/4.5, 오픽 IL, 인턴 1회, 수상 1회,15,874, 읽음,,,,,,,
지방4년,컴퓨터학부, 학점 3.24/4.5, 오픽 IM2, 자격증 4개, 인턴 1회, 수상 3회,4,382, 읽음,,,,,,
지방4년,컴퓨터학부, 학점 4.05/4.5, 토익 730, 오픽 IM2, 자격증 3개, 수상 2회, 자원봉사 1회,63,542, 읽음,,,,,
수도권4년,산업공학, 학점 3.47/4.5, 토익 755, 오픽 IM2, 자격증 3개, 인턴 1회, 자원봉사 3회,6,77, 읽음,,,,,
대졸4년,컴퓨터학부, 학점 4.2/4.5,0,26,525, 읽음,,,,,,,,,
수도권4년,컴퓨터학부, 학점 3.9/4.5, 토익 660, 자격증 1개, 인턴 1회,11,705, 읽음,,,,,,,
수도권4년,컴퓨터학부, 학점 3.6/4.5, 오픽 M2, 자격증 1개, 인턴 1회,14,969, 읽음,,,,,,,
수도권4년,컴퓨터학부, 학점 3.7/4.5, 오픽 IM2, 자격증 1개, 수상 1회, 동아리 1회, 교내활동 1회,11,772, 읽음,,,,,
수도권4년, 정보통신공학, 학점 3.5/4.5,0,855, 읽음,,,,,,,,,,
지방4년, 정보통신공학, 학점 3.2/4.5, 토익 715, 자격증 4개, 인턴 1회, 자원봉사 2회,5,146, 읽음,,,,,,
수도권4년,컴퓨터학부, 학점 3.6/4.5,0, 인턴 1회, 수상 1회, 자원봉사 1회,18,680, 읽음,,,,,,
지방4년,컴퓨터학부, 학점 4.13/4.5, 토익 690, 토스 Level5, 오픽 IM2, 자격증 1개, 인턴 1회,20,451, 읽음,,,,,
수도권4년,컴퓨터학부, 학점 3.4/4.5, 토익 845, 토스 Level6, 자격증 2개, 해외경험 1회, 인턴 1회, 수상 3회,18,372, 읽음,,,,
수도권4년,컴퓨터학부, 학점 3.5/4.5, 토익 550,6,871, 읽음,,,,,,,,,
수도권4년,산업공학, 학점 3.47/4.5, 토익 755, 오픽 IM2, 자격증 3개, 인턴 1회, 자원봉사 3회,6,996, 읽음,,,,,
수도권4년, 정보통신공학, 학점 3.57/4.5, 토익 810, 토스 Level5, 자격증 2개, 인턴 1회, 수상 1회,8,332, 읽음,,,,,
초대졸,컴퓨터학부, 학점 4.1/4.5,0, 인턴 2회, 자원봉사 2회,7,129, 읽음,,,,,,,
수도권4년,컴퓨터학부, 학점 3.5/4.5,0, 해외경험 1회, 인턴 1회,9,929, 읽음,,,,,,,
수도권4년,컴퓨터학부, 학점 4.07/4.5, 토익 845, 교내활동 1회,30,698, 읽음,,,,,,,,
수도권4년,컴퓨터학부, 학점 3.7/4.5, 토익 850, 토스 Level6, 자격증 1개, 인턴 1회,7,781, 읽음,,,,,,
수도권4년,컴퓨터학부, 학점 3.2/4.5, 토익 845, 토스 Level6, 인턴 1회,4,27, 읽음,,,,,,,
수도권4년,컴퓨터학부, 학점 3.7/4.5, 토익 850, 토스 Level6, 자격증 1개, 인턴 1회,3,174, 읽음,,,,,,
수도권4년, 경영정보, 학점 3.5/4.5, 토익 730, 토스 Level6, 자격증 1개, 인턴 1회, 자원봉사 1회,15,392, 읽음,,,,,
수도권4년,컴퓨터학부, 학점 3.8/4.5, 토익 780, 토스 Level5, 자격증 1개,17,562, 읽음,,,,,,,
지방4년,컴퓨터학부, 학점 4.12/4.5,0, 인턴 1회,15,185, 읽음,,,,,,,,
지방4년,컴퓨터학부, 학점 3.4/4.5, 토익 785, 자격증 2개,9,209, 읽음,,,,,,,,
대학원,컴퓨터학부, 학점 4.05/4.5, 토익 730, 오픽 IM2, 자격증 3개, 수상 2회, 자원봉사 1회,16,588, 읽음,,,,,
수도권4년,컴퓨터학부, 학점 3.7/4.5, 토익 850, 자격증 1개, 인턴 1회,7,430, 읽음,,,,,,,
대학원,전기전자, 학점 3.81/4.5, 토익 865, 토스 Level5, 오픽 IM2, 자격증 1개, 인턴 1회,11,717, 읽음,,,,,
지방4년,컴퓨터학부, 학점 4.13/4.5, 토익 690, 토스 Level5, 오픽 IM2, 자격증 1개, 인턴 1회,27,154, 읽음,,,,,
지방4년,컴퓨터학부, 학점 3.14/4.5, 토익 695, 자격증 1개, 수상 2회, 자원봉사 1회,17,208, 읽음,,,,,,
수도권4년,전기전자, 학점 3.9/4.5, 토스 Level6, 자격증 2개, 인턴 1회, 수상 2회, 동아리 2회,16,899, 읽음,,,,,
수도권4년, 정보통신공학, 학점 3.61/4.5, 토익 720, 토스 Level5, 자격증 1개,18,241, 읽음,,,,,,,
대학원, 휴먼ICT융합학과, 학점 4.07/4.5, 오픽 IM2, 자격증 5개, 인턴 2회, 수상 2회,10,19, 읽음,,,,,,
수도권4년,컴퓨터학부, 학점 3.6/4.5,0,344, 읽음,,,,,,,,,,
수도권4년,산업공학, 학점 4.14/4.5, 토스 Level6, 동아리 1회,28,617, 읽음,,,,,,,,
수도권4년, 응용통계학과, 학점 3.6/4.5, 토익 935, 토스 Level6,4,261, 읽음,,,,,,,,
지방4년,컴퓨터학부, 학점 3.7/4.5,0, 수상 1회, 자원봉사 1회,15,385, 읽음,,,,,,,
수도권4년,컴퓨터학부, 학점 3.4/4.5, 토익 845,10,299, 읽음,,,,,,,,,
수도권4년, 정보통신공학, 학점 3.7/4.5, 토익 710, 토스 Level5, 자격증 2개, 인턴 1회, 수상 2회,4,224, 읽음,,,,,
지방4년,컴퓨터학부, 학점 3.8/4.5,0,13,148, 읽음,,,,,,,,,
지방4년,컴퓨터학부, 학점 4.2/4.5, 토익 840,14,874, 읽음,,,,,,,,,
초대졸,컴퓨터학부, 학점 4/4.5, 토익 805, 토스 Level6, 자격증 5개,5,90, 읽음,,,,,,,
수도권4년, 정보통신공학, 학점 3.6/4.5, 토익 845, 수상 1회,12,588, 읽음,,,,,,,,
수도권4년, 정보통신공학, 학점 3.2/4.5,0, 인턴 2회, 수상 2회,5,937, 읽음,,,,,,,
수도권4년,컴퓨터학부, 학점 3.1/4.5, 토익 705, 자격증 1개, 인턴 1회,9,435, 읽음,,,,,,,
지방4년, 정보통신공학, 학점 3.2/4.5, 토익 715, 자격증 4개, 인턴 1회, 자원봉사 2회,3,313, 읽음,,,,,,
지방4년,컴퓨터학부, 학점 4.31/4.5, 토익 725, 자격증 1개, 인턴 1회, 수상 1회, 교내활동 1회, 자원봉사 1회,12,967, 읽음,,,,
대학원,컴퓨터학부, 학점 3.57/4.5,0,17,190, 읽음,,,,,,,,,
대학원,전기전자, 학점 4.36/4.5, 토스 Level5, 오픽 IL, 제2외국어 2개, 자격증 1개, 동아리 1회, 자원봉사 1회,6,526, 읽음,,,,
수도권4년, 경영학과_경영전공, 학점 3.85/4.5, 오픽 IH, 해외경험 1회, 인턴 1회, 수상 1회,28,647, 읽음,,,,,,
수도권4년,산업공학, 학점 3.47/4.5, 토익 755, 오픽 IM2, 자격증 3개, 인턴 1회, 자원봉사 3회,5,968, 읽음,,,,,
대졸4년, 인문학부, 학점 3.5/4.5, 토익 910, 자격증 1개, 인턴 1회,9,578, 읽음,,,,,,,
대졸4년, 소프트웨어공학, 학점 3.4/4.5,0, 수상 1회, 자원봉사 1회,4,132, 읽음,,,,,,,
수도권4년,컴퓨터학부, 학점 3.6/4.5, 토익 805, 토스 Level5, 자격증 1개,9,367, 읽음,,,,,,,
지방4년,컴퓨터학부, 학점 3.86/4.3, 오픽 IL,25,342, 읽음,,,,,,,,,
수도권4년, 정보통신공학, 학점 3.85/4.5, 토익 770, 토스 Level5, 자격증 5개, 인턴 1회, 수상 2회,28,790, 읽음,,,,,
지방4년,컴퓨터학부, 학점 4.17/4.5, 토익 730, 토스 Level6, 제2외국어 1개, 자격증 4개,10,75, 읽음,,,,,,
수도권4년, 정보통신공학, 학점 3.85/4.5, 토익 770, 토스 Level5, 자격증 5개, 수상 2회,17,912, 읽음,,,,,,
수도권4년, 영어영문학, 학점 3.92/4.5, 토익 965, 오픽 IH, 자격증 1개, 해외경험 1회, 동아리 1회, 자원봉사 1회,25,457, 읽음,,,,
지방4년, 멀티미디어학과, 학점 4/4.5,0,14,613, 읽음,,,,,,,,,
수도권4년,컴퓨터학부, 학점 3.7/4.5, 토익 850, 토스 Level6, 자격증 1개, 인턴 1회,13,636, 읽음,,,,,,
수도권4년,컴퓨터학부, 학점 3.9/4.5, 토익 940, 자격증 1개,12,644, 읽음,,,,,,,,
지방4년,컴퓨터학부, 학점 4.05/4.5, 토익 730, 오픽 IM2, 자격증 3개, 수상 2회, 자원봉사 1회,10,197, 읽음,,,,,
수도권4년, IT, 학점 3.89/4.5, 토익 890, 오픽 IH, 자격증 1개, 해외경험 1회, 인턴 2회, 수상 2회,7,794, 읽음,,,,
수도권4년, 소프트웨어공학, 학점 3.4/4.5,0, 수상 1회,4,419, 읽음,,,,,,,,
수도권4년, 정보통신공학, 학점 4.02/4.5, 토익 810, 토스 Level6, 자격증 3개,14,224, 읽음,,,,,,,
지방4년,컴퓨터학부, 학점 4.31/4.5, 토익 725, 자격증 1개, 인턴 1회, 수상 1회, 교내활동 1회, 자원봉사 1회,8,66, 읽음,,,,
지방4년,컴퓨터학부, 학점 3.6/4.5, 토익 870, 토스 Level6, 오픽 IH, 자격증 2개, 해외경험 1회, 인턴 1회,8,737, 읽음,,,,
수도권4년, 융합공학부, 학점 3.04/4.5, 토익 945, 자격증 2개, 인턴 1회, 수상 2회, 동아리 1회, 사회활동 3회,70,385, 읽음,,,,
지방4년, 정보통신공학, 학점 3.2/4.5, 토익 715, 자격증 4개, 인턴 1회, 자원봉사 2회,7,358, 읽음,,,,,,
수도권4년, 미디어학, 학점 4/4.5, 토익 805, 토스 Level6, 자격증 3개, 자원봉사 2회,8,248, 읽음,,,,,,
수도권4년,컴퓨터학부, 학점 3.7/4.5, 토익 850, 토스 Level6, 자격증 1개, 인턴 1회,6,50, 읽음,,,,,,
수도권4년, 소프트웨어공학, 학점 3.4/4.5,0, 수상 1회,9,848, 읽음,,,,,,,,
지방4년,컴퓨터학부, 학점 3.3/4.5,0, 인턴 1회, 수상 3회,5,859, 읽음,,,,,,,
지방4년,컴퓨터학부, 학점 3.47/4.5, 오픽 IL, 인턴 1회, 수상 1회,11,388, 읽음,,,,,,,
수도권4년,컴퓨터학부, 학점 3.7/4.5, 토익 850, 토스 Level6, 자격증 1개, 인턴 1회,24,74, 읽음,,,,,,
지방4년,컴퓨터학부, 학점 4.05/4.5, 토익 730, 오픽 IM2, 자격증 3개, 수상 2회, 자원봉사 1회,83,791, 읽음,,,,,
수도권4년,컴퓨터학부, 학점 3.92/4.5, 토익 700, 오픽 IM1, 자격증 1개, 해외경험 1회, 인턴 1회, 자원봉사 1회,9,710, 읽음,,,,
지방4년,컴퓨터학부, 학점 4.05/4.5, 토익 730, 오픽 IM2, 자격증 3개, 수상 2회, 자원봉사 1회,15,780, 읽음,,,,,
수도권4년,컴퓨터학부, 학점 3.7/4.5, 토익 735, 오픽 IH, 자격증 4개, 해외경험 1회, 인턴 1회, 자원봉사 1회,7,153, 읽음,,,,
수도권4년,컴퓨터학부, 학점 3.67/4.5, 토익 700, 토스 Level6, 자격증 1개, 자원봉사 3회,23,142, 읽음,,,,,,
수도권4년,컴퓨터학부, 학점 3.7/4.5, 토익 825, 오픽 IH, 자격증 1개, 인턴 1회,15,145, 읽음,,,,,,
수도권4년,컴퓨터학부, 학점 3.6/4.5, 토스 Level5,3,79, 읽음,,,,,,,,,
수도권4년, 정보통신공학, 학점 3.7/4.5, 토익 710, 토스 Level5, 자격증 3개, 인턴 1회, 수상 2회,14,660, 읽음,,,,,
수도권4년, 멀티미디어과학과, 학점 4.1/4.5, 토스 Level6, 자격증 1개,2,173, 읽음,,,,,,,,
수도권4년, 사이버보안학과, 학점 4.18/4.5, 토익 895, 자격증 1개, 인턴 1회,23,219, 읽음,,,,,,,
수도권4년, 응용통계학과, 학점 3.67/4.5, 토익 990, 토스 Level8, 오픽 AL, 자격증 1개, 해외경험 1회, 인턴 1회, 수상 1회, 동아리 2회,84,716, 읽음,,
수도권4년,컴퓨터학부, 학점 3.6/4.5,0, 인턴 1회, 수상 1회, 자원봉사 1회,15,692, 읽음,,,,,,
대학원, 휴먼ICT융합학과, 학점 4.07/4.5, 오픽 IM2, 자격증 5개, 인턴 2회, 수상 2회,17,808, 읽음,,,,,,
지방4년,컴퓨터학부, 학점 3.86/4.3, 오픽 IL,7,774, 읽음,,,,,,,,,
대졸4년, 소프트웨어공학, 학점 3.4/4.5,0, 수상 1회, 자원봉사 1회,8,738, 읽음,,,,,,,
대학원,산업공학, 학점 4.24/4.5, 오픽 IM1, 자격증 2개, 동아리 3회, 교내활동 3회,42,974, 읽음,,,,,,
수도권4년,컴퓨터학부, 학점 3.2/4.5, 토익 845, 토스 Level6, 인턴 1회,9,507, 읽음,,,,,,,
대학원, 국제의료경영학과, 학점 2.71/4.5, 토익 715, 오픽 IM2, 자격증 2개, 해외경험 1회, 인턴 2회, 수상 3회, 동아리 1회, 교내활동 1회, 사회활동 12회, 자원봉사 2회,8,418, 읽음
수도권4년, 정보통신공학, 학점 3.6/4.5,0,5,828, 읽음,,,,,,,,,
수도권4년,컴퓨터학부, 학점 3.6/4.5, 토익 805, 토스 Level5, 자격증 1개,4,423, 읽음,,,,,,,
수도권4년,컴퓨터학부, 학점 4.1/4.5, 토익 845, 오픽 IH, 교내활동 1회,16,382, 읽음,,,,,,,
지방4년,컴퓨터학부, 학점 3.6/4.5, 토익 870, 토스 Level6, 오픽 IH, 자격증 2개, 해외경험 1회, 인턴 1회,10,83, 읽음,,,,
수도권4년, 정보통신공학, 학점 3/4.5, 토스 Level6, 자격증 1개,4,547, 읽음,,,,,,,,
수도권4년,컴퓨터학부, 학점 3.8/4.5, 토익 780, 토스 Level5, 자격증 1개, 인턴 1회,15,250, 읽음,,,,,,
수도권4년,산업공학, 학점 3.81/4.5, 오픽 IM2, 자격증 2개, 인턴 2회, 수상 2회, 동아리 2회, 교내활동 1회,41,761, 읽음,,,,
대졸4년,컴퓨터학부, 학점 3.74/4.5, 토익 850, 토스 Level6, 자격증 1개, 인턴 2회,11,113, 읽음,,,,,,
수도권4년, 경영정보, 학점 3.5/4.5, 토익 730, 토스 Level6, 자격증 1개, 인턴 1회, 자원봉사 1회,11,719, 읽음,,,,,
수도권4년,컴퓨터학부, 학점 3.5/4.5, 토익 610, 오픽 M1, 자격증 1개,12,986, 읽음,,,,,,,
수도권4년, 정보통신공학, 학점 2.92/4.5,0, 사회활동 1회, 자원봉사 2회,11,441, 읽음,,,,,,,
대학원, 통신공학과, 학점 3.9/4.5, 토익 435, 자격증 6개, 동아리 1회, 교내활동 1회,10,607, 읽음,,,,,,
수도권4년, 정보통신공학, 학점 3.85/4.5, 토익 770, 토스 Level5, 자격증 5개, 수상 2회,19,155, 읽음,,,,,,
수도권4년,전기전자, 학점 3.8/4.5, 토익 950, 오픽 AL, 자격증 1개, 해외경험 1회,10,748, 읽음,,,,,,
수도권4년,컴퓨터학부, 학점 3.4/4.5, 토익 845, 토스 Level6, 자격증 5개, 해외경험 1회, 인턴 1회, 수상 3회,8,423, 읽음,,,,
수도권4년, 영문, 학점 3.5/4.5, 토익 910, 인턴 1회, 수상 2회,5,968, 읽음,,,,,,,
수도권4년,전기전자, 학점 3.3/4.5, 오픽 IL,3,435, 읽음,,,,,,,,,
수도권4년,산업공학, 학점 3.8/4.5, 토익 915, 토스 Level6, 자격증 1개, 인턴 1회,5,108, 읽음,,,,,,
지방4년,컴퓨터학부, 학점 3.7/4.5,0, 수상 1회, 자원봉사 1회,3,2, 읽음,,,,,,,
대학원,컴퓨터학부, 학점 4.12/4.5,0, 인턴 1회,30,564, 읽음,,,,,,,,
대졸4년, 인문학부, 학점 3.5/4.5, 토익 910, 자격증 1개, 인턴 1회,19,240, 읽음,,,,,,,
대졸4년, 소프트웨어공학, 학점 3.4/4.5,0, 수상 1회, 자원봉사 1회,24,903, 읽음,,,,,,,
수도권4년,컴퓨터학부, 학점 4.07/4.5, 토익 845, 교내활동 1회,13,770, 읽음,,,,,,,,
대졸4년,컴퓨터학부, 학점 3.74/4.5, 토익 850, 토스 Level6, 자격증 1개, 인턴 2회,7,918, 읽음,,,,,,
수도권4년, 문화기획, 학점 3.97/4.5,0,552, 읽음,,,,,,,,,,
지방4년,컴퓨터학부, 학점 3.8/4.5,0,2,966, 읽음,,,,,,,,,
수도권4년,컴퓨터학부, 학점 4/4.5, 토익 815, 토스 Level6, 자격증 3개,6,35, 읽음,,,,,,,
수도권4년,컴퓨터학부, 학점 3.5/4.5, 토익 775, 자격증 1개, 자원봉사 1회,5,116, 읽음,,,,,,,
수도권4년,컴퓨터학부, 학점 3.07/4.5,0, 인턴 1회, 동아리 1회,32,162, 읽음,,,,,,,
수도권4년,전기전자, 학점 3.43/4.5, 토익 810, 토스 Level6, 자격증 3개,9,635, 읽음,,,,,,,
수도권4년,전기전자, 학점 3.32/4.5, 토스 Level6, 수상 1회, 동아리 2회,25,31, 읽음,,,,,,,
수도권4년,컴퓨터학부, 학점 4/4.5, 토익 815, 토스 Level6, 자격증 3개,2,202, 읽음,,,,,,,
수도권4년, 정보통신공학, 학점 3.5/4.5,0,494, 읽음,,,,,,,,,,
지방4년,컴퓨터학부, 학점 3.3/4.5,0, 인턴 1회, 수상 3회,2,715, 읽음,,,,,,,
수도권4년,컴퓨터학부, 학점 3.7/4.5, 토익 735, 오픽 IH, 자격증 4개, 해외경험 1회, 인턴 1회, 자원봉사 1회,2,101, 읽음,,,,
수도권4년, 정보통신공학, 학점 3.68/4.5, 토익 845, 토스 Level6, 자격증 2개, 수상 1회,8,71, 읽음,,,,,,
지방4년, 정보통신공학, 학점 3.1/4.5, 토익 680, 오픽 IL, 자격증 2개,40,962, 읽음,,,,,,,
수도권4년,컴퓨터학부, 학점 3.1/4.5, 토익 705, 자격증 1개, 인턴 1회,4,544, 읽음,,,,,,,
수도권4년,컴퓨터학부, 학점 3.7/4.5, 토익 765, 토스 Level5, 자격증 1개, 인턴 1회,14,773, 읽음,,,,,,
수도권4년,컴퓨터학부, 학점 4.1/4.5, 토익 845, 교내활동 1회,6,955, 읽음,,,,,,,,
수도권4년,컴퓨터학부, 학점 3.5/4.5,0, 해외경험 1회, 인턴 1회,2,870, 읽음,,,,,,,
수도권4년, 정보통신공학, 학점 3.57/4.5,0, 수상 1회,7,369, 읽음,,,,,,,,
수도권4년, 수학과, 학점 3.46/4.5, 토익 890, 토스 Level5, 자격증 2개,47,872, 읽음,,,,,,,
지방4년,컴퓨터학부, 학점 4.05/4.5, 토익 730, 오픽 IM2, 자격증 3개, 수상 2회, 자원봉사 1회,15,315, 읽음,,,,,
수도권4년,컴퓨터학부, 학점 3.92/4.5, 토익 700, 오픽 IM1, 자격증 1개, 해외경험 1회, 인턴 1회, 자원봉사 1회,26,441, 읽음,,,,
수도권4년, 정보통신공학, 학점 3.8/4.5, 토익 910, 오픽 IH, 인턴 1회, 수상 1회, 자원봉사 1회,2,842, 읽음,,,,,
수도권4년, 멀티미디어과학과, 학점 4.1/4.5, 토스 Level6, 자격증 1개,16,84, 읽음,,,,,,,,
수도권4년,컴퓨터학부, 학점 3.4/4.5, 토익 845,9,636, 읽음,,,,,,,,,
수도권4년,컴퓨터학부, 학점 3.8/4.5, 토익 780, 토스 Level5, 자격증 1개, 인턴 1회,2,755, 읽음,,,,,,
지방4년,컴퓨터학부, 학점 3.75/4.5, 오픽 IM2,122,352, 읽음,,,,,,,,,
지방4년,컴퓨터학부, 학점 3.3/4.5,0, 인턴 1회, 수상 3회,21,863, 읽음,,,,,,,
지방4년, 물류시스템공학과, 학점 3.8/4.5, 토익 925, 토스 Level6, 오픽 IH, 자격증 4개, 해외경험 1회,4,896, 읽음,,,,,
수도권4년,컴퓨터학부, 학점 3.2/4.5, 토익 845, 오픽 IM2, 자격증 4개, 해외경험 1회, 수상 2회, 자원봉사 2회,8,697, 읽음,,,,
대학원, 휴먼ICT융합학과, 학점 4.07/4.5, 오픽 IM2, 자격증 5개, 인턴 2회, 수상 2회,15,602, 읽음,,,,,,
수도권4년,컴퓨터학부, 학점 3.2/4.5, 토익 880, 자격증 3개, 인턴 1회, 자원봉사 2회,8,66, 읽음,,,,,,
수도권4년,컴퓨터학부, 학점 3.9/4.5, 토익 940, 자격증 1개,7,108, 읽음,,,,,,,,
수도권4년,컴퓨터학부, 학점 3.7/4.5, 토익 850, 토스 Level6, 자격증 1개, 인턴 1회,12,622, 읽음,,,,,,
수도권4년,컴퓨터학부, 학점 3.5/4.5, 토익 780, 토스 Level4,5,229, 읽음,,,,,,,,
지방4년,컴퓨터학부, 학점 3.8/4.5, 토익 760, 자격증 5개, 인턴 1회, 수상 2회,6,921, 읽음,,,,,,
지방4년,컴퓨터학부, 학점 4.17/4.5, 토익 785, 토스 Level6, 제2외국어 2개, 자격증 4개,26,857, 읽음,,,,,,
수도권4년, 정보통신공학, 학점 3.56/4.5, 오픽 IH, 자격증 4개, 해외경험 1회, 인턴 1회, 수상 7회, 동아리 2회, 사회활동 4회,21,888, 읽음,,,
지방4년, IT융합응용공학과, 학점 3.71/4.5, 토스 Level6, 자격증 2개, 교내활동 1회, 자원봉사 2회,3,384, 읽음,,,,,,
수도권4년, 멀티미디어과학과, 학점 4.1/4.5, 토스 Level6, 자격증 1개,10,819, 읽음,,,,,,,,
대졸4년, 인문학부, 학점 3.5/4.5, 토익 910, 자격증 1개, 인턴 1회,5,750, 읽음,,,,,,,
수도권4년, 서어서문학과, 학점 3.6/4.5, 토익 890, 자격증 1개, 자원봉사 1회,9,493, 읽음,,,,,,,
대졸4년,컴퓨터학부, 학점 3.01/4.5, 토익 840, 오픽 IH, 자격증 1개,4,2, 읽음,,,,,,,
수도권4년,컴퓨터학부, 학점 3.4/4.5, 토익 885, 자격증 1개, 인턴 1회,3,1, 읽음,,,,,,,
대학원,전기전자, 학점 3.81/4.5, 토익 865, 토스 Level5, 오픽 IM2, 자격증 1개, 인턴 1회,21,403, 읽음,,,,,
지방4년,컴퓨터학부, 학점 3.14/4.5, 토익 695, 자격증 1개, 수상 2회, 자원봉사 1회,15,275, 읽음,,,,,,
지방4년, 멀티미디어학과, 학점 4/4.5,0, 수상 1회, 자원봉사 1회,7,323, 읽음,,,,,,,
수도권4년, 언론홍보학과, 학점 3.3/4.5, 토스 Level6, 자격증 2개, 해외경험 1회, 인턴 2회, 수상 5회,14,379, 읽음,,,,,
수도권4년,컴퓨터학부, 학점 2.7/4.5, 토스 Level5, 인턴 1회, 수상 3회, 자원봉사 2회,15,669, 읽음,,,,,,
수도권4년,컴퓨터학부, 학점 4.2/4.5, 토스 Level7, 자격증 1개,3,536, 읽음,,,,,,,,
수도권4년,컴퓨터학부, 학점 3.7/4.5, 토익 735, 오픽 IH, 자격증 4개, 해외경험 1회, 인턴 1회, 자원봉사 1회,5,98, 읽음,,,,
수도권4년,컴퓨터학부, 학점 3.4/4.5, 토익 885, 자격증 1개, 인턴 1회,5,655, 읽음,,,,,,,
수도권4년, 정보통신공학, 학점 3.61/4.5, 토익 720, 토스 Level5, 자격증 1개,93,447, 읽음,,,,,,,
지방4년,컴퓨터학부, 학점 3.75/4.5, 오픽 IM2,4,581, 읽음,,,,,,,,,
수도권4년, 사이버보안학과, 학점 4.18/4.5, 토익 895, 자격증 1개, 인턴 1회,23,497, 읽음,,,,,,,
수도권4년,컴퓨터학부, 학점 3.4/4.5,0,294, 읽음,,,,,,,,,,
대졸4년,컴퓨터학부, 학점 3.01/4.5, 토익 840, 오픽 IH, 자격증 1개,8,724, 읽음,,,,,,,
수도권4년,컴퓨터학부, 학점 3.7/4.5, 토익 850, 토스 Level6, 자격증 1개, 인턴 1회,20,554, 읽음,,,,,,
지방4년,컴퓨터학부, 학점 3.6/4.5, 토익 765, 인턴 1회, 자원봉사 1회,3,234, 읽음,,,,,,,
수도권4년,전기전자, 학점 3.8/4.5, 토스 Level6, 자격증 3개, 해외경험 2회,2,678, 읽음,,,,,,,
수도권4년, 수학과, 학점 3.46/4.5, 토익 890, 토스 Level5, 자격증 2개,31,785, 읽음,,,,,,,
수도권4년,컴퓨터학부, 학점 3.6/4.5, 토스 Level5,13,244, 읽음,,,,,,,,,
수도권4년,컴퓨터학부, 학점 3.3/4.5, 토익 865, 자격증 4개, 해외경험 1회, 인턴 1회, 수상 1회, 자원봉사 1회,2,663, 읽음,,,,
대학원,전기전자, 학점 3.81/4.5, 토익 865, 토스 Level5, 오픽 IM2, 자격증 1개, 인턴 1회,19,629, 읽음,,,,,
대졸4년, 소프트웨어공학, 학점 3.4/4.5,0, 수상 1회, 자원봉사 1회,18,693, 읽음,,,,,,,
수도권4년,컴퓨터학부, 학점 3.3/4.5,0, 해외경험 3회, 인턴 1회,20,290, 읽음,,,,,,,
수도권4년,컴퓨터학부, 학점 3.5/4.5, 토익 910, 자격증 1개, 자원봉사 1회,3,709, 읽음,,,,,,,
지방4년, 정보통신공학, 학점 3.53/4.5, 오픽 IM1, 자격증 4개, 수상 1회, 동아리 1회,18,185, 읽음,,,,,,
지방4년, 행정학, 학점 3.67/4.5, 토익 815, 자격증 5개, 인턴 1회, 수상 1회, 자원봉사 1회,46,533, 읽음,,,,,
수도권4년, 영문, 학점 3.5/4.5, 토익 910, 인턴 1회, 수상 2회,15,836, 읽음,,,,,,,
수도권4년,컴퓨터학부, 학점 3.35/4.5, 토익 815, 제2외국어 2개, 자격증 1개, 해외경험 1회, 인턴 1회, 수상 3회, 동아리 1회,27,431, 읽음,,,
지방4년, 정보통신공학, 학점 3.5/4.5,0,32,64, 읽음,,,,,,,,,
수도권4년,컴퓨터학부, 학점 3.49/4.5, 토익 870, 토스 Level7, 해외경험 1회, 동아리 1회,10,142, 읽음,,,,,,
수도권4년, 소프트웨어공학, 학점 3.4/4.5, 토스 Level4, 자격증 1개, 수상 1회, 자원봉사 1회,20,128, 읽음,,,,,,
수도권4년, 미디어학, 학점 4/4.5, 토익 805, 토스 Level6, 자격증 3개, 자원봉사 2회,6,854, 읽음,,,,,,
초대졸,컴퓨터학부, 학점 4.1/4.5,0, 인턴 2회, 자원봉사 2회,5,308, 읽음,,,,,,,
수도권4년, 경영학과, 학점 3.9/4.5, 토익 890, 오픽 AL, 인턴 2회, 수상 1회,9,265, 읽음,,,,,,
대학원,전기전자, 학점 3.85/4.5, 토스 Level6,19,910, 읽음,,,,,,,,,
수도권4년, 정보통신공학, 학점 3.31/4.5, 토익 760, 자격증 2개, 수상 3회,87,776, 읽음,,,,,,,
수도권4년,산업공학, 학점 3.68/4.5, 토익 810, 토스 Level6, 자격증 3개, 해외경험 1회, 인턴 2회, 수상 1회, 교내활동 1회, 사회활동 1회, 자원봉사 2회,8,719, 읽음,
수도권4년,컴퓨터학부, 학점 3.7/4.5, 토익 765, 토스 Level5, 자격증 1개, 인턴 1회,13,291, 읽음,,,,,,
수도권4년,컴퓨터학부, 학점 3.7/4.5, 토익 850, 토스 Level6, 자격증 1개, 인턴 1회,4,222, 읽음,,,,,,
수도권4년,전기전자, 학점 3.32/4.5,0,647, 읽음,,,,,,,,,,
지방4년,컴퓨터학부, 학점 4.17/4.5, 토익 785, 토스 Level6, 제2외국어 2개, 자격증 4개,6,667, 읽음,,,,,,
수도권4년,컴퓨터학부, 학점 4.07/4.5, 토익 845, 교내활동 1회,19,455, 읽음,,,,,,,,
수도권4년, 미디어학, 학점 4/4.5, 토익 805, 토스 Level6, 자격증 3개, 자원봉사 2회,12,193, 읽음,,,,,,
수도권4년,컴퓨터학부, 학점 4.2/4.5, 토스 Level7, 자격증 1개,10,26, 읽음,,,,,,,,
수도권4년, 기계공학과, 학점 3.5/4.5, 토익 780, 자격증 1개,6,578, 읽음,,,,,,,,
지방4년,컴퓨터학부, 학점 3.8/4.5,0,2,566, 읽음,,,,,,,,,
지방4년,컴퓨터학부, 학점 3.47/4.5, 오픽 IL, 인턴 1회, 수상 1회,40,7, 읽음,,,,,,,
지방4년, 소프트웨어공학, 학점 3.5/4.5, 토익 755, 토스 Level5, 자격증 1개, 수상 3회,12,589, 읽음,,,,,,
수도권4년,컴퓨터학부, 학점 3.67/4.5, 토익 700, 토스 Level6, 자격증 1개, 자원봉사 3회,18,362, 읽음,,,,,,
수도권4년, 정보통신공학, 학점 3.57/4.5, 토익 810, 토스 Level5, 자격증 2개, 인턴 1회, 수상 2회,6,289, 읽음,,,,,
수도권4년,컴퓨터학부, 학점 3.6/4.5,0, 인턴 1회, 수상 1회, 자원봉사 1회,5,303, 읽음,,,,,,
수도권4년,컴퓨터학부, 학점 3.3/4.5,0, 자격증 4개, 해외경험 1회, 인턴 1회, 수상 1회, 자원봉사 1회,2,779, 읽음,,,,
수도권4년,컴퓨터학부, 학점 3.6/4.5,0, 인턴 1회, 수상 1회, 자원봉사 1회,12,188, 읽음,,,,,,
지방4년,컴퓨터학부, 학점 4.05/4.5, 토익 730, 오픽 IM2, 자격증 3개, 수상 2회, 자원봉사 1회,5,337, 읽음,,,,,
지방4년,컴퓨터학부, 학점 4.05/4.5, 토익 730, 오픽 IM2, 자격증 3개, 수상 2회, 자원봉사 1회,9,440, 읽음,,,,,
지방4년,컴퓨터학부, 학점 3.86/4.3, 오픽 IL,20,325, 읽음,,,,,,,,,
수도권4년,컴퓨터학부, 학점 3.7/4.5, 토익 850, 자격증 1개, 인턴 1회,3,275, 읽음,,,,,,,
수도권4년,컴퓨터학부, 학점 3.3/4.5,0,5,648, 읽음,,,,,,,,,
수도권4년,컴퓨터학부, 학점 4.1/4.5, 토익 630, 자격증 3개, 수상 1회, 자원봉사 3회,8,943, 읽음,,,,,,
수도권4년, 수학, 학점 3.5/4.5, 토익 955, 토스 Level7, 오픽 IH,46,101, 읽음,,,,,,,
수도권4년,컴퓨터학부, 학점 3.7/4.5, 토익 765, 토스 Level5, 자격증 1개, 인턴 1회,20,78, 읽음,,,,,,
대졸4년,컴퓨터학부, 학점 3.01/4.5, 토익 840, 오픽 IH, 자격증 1개,10,957, 읽음,,,,,,,
수도권4년,전기전자, 학점 3.44/4.5, 토익 900, 인턴 1회,8,157, 읽음,,,,,,,,
대학원,전기전자, 학점 3.31/4.5,0, 동아리 1회, 교내활동 1회, 자원봉사 1회,20,379, 읽음,,,,,,
대학원,전기전자, 학점 3.81/4.5, 토익 865, 토스 Level5, 오픽 IM2, 자격증 1개, 인턴 1회,11,743, 읽음,,,,,
수도권4년,산업공학, 학점 3.4/4.5, 토익 790, 토스 Level6,21,991, 읽음,,,,,,,,
수도권4년,컴퓨터학부, 학점 4/4.5, 토익 830, 토스 Level6, 자격증 1개, 인턴 1회,7,119, 읽음,,,,,,
수도권4년,컴퓨터학부, 학점 3.7/4.5, 토익 850, 토스 Level6, 자격증 1개, 인턴 1회,7,243, 읽음,,,,,,
수도권4년,컴퓨터학부, 학점 3.3/4.5,0,12,814, 읽음,,,,,,,,,
대졸4년,컴퓨터학부, 학점 3.4/4.5, 토익 785, 자격증 2개,107,239, 읽음,,,,,,,,
지방4년,컴퓨터학부, 학점 3.6/4.5, 토익 870, 토스 Level6, 오픽 IH, 자격증 2개, 해외경험 1회, 인턴 1회,5,903, 읽음,,,,
수도권4년,컴퓨터학부, 학점 3.7/4.5, 토익 850, 자격증 1개, 인턴 1회,7,754, 읽음,,,,,,,
수도권4년,컴퓨터학부, 학점 4/4.5, 토익 900, 자격증 1개, 해외경험 1회, 인턴 1회, 자원봉사 2회,2,664, 읽음,,,,,
지방4년,컴퓨터학부, 학점 4.05/4.5, 토익 730, 오픽 IM2, 자격증 3개, 수상 2회, 자원봉사 1회,5,203, 읽음,,,,,
수도권4년, 정보통신공학, 학점 3.91/4.5, 토익 770, 토스 Level5, 자격증 5개, 인턴 1회, 수상 2회,47,201, 읽음,,,,,
수도권4년, 영어영문학, 학점 3.92/4.5, 토익 980, 토스 Level7, 제2외국어 1개, 자격증 1개, 해외경험 1회,10,935, 읽음,,,,,
수도권4년,컴퓨터학부, 학점 3.7/4.5, 토익 850, 토스 Level6, 자격증 1개, 인턴 1회,31,149, 읽음,,,,,,
수도권4년,컴퓨터학부, 학점 3.2/4.5, 토익 845, 오픽 IM2, 자격증 4개, 해외경험 1회, 수상 2회, 자원봉사 2회,22,904, 읽음,,,,
지방4년,컴퓨터학부, 학점 3.8/4.5,0,18,698, 읽음,,,,,,,,,
지방4년,컴퓨터학부, 학점 4.1/4.5, 토익 795, 오픽 IL,7,273, 읽음,,,,,,,,
지방4년,컴퓨터학부, 학점 4.05/4.5, 토익 730, 오픽 IM2, 자격증 3개, 해외경험 1회, 수상 2회, 자원봉사 1회,10,291, 읽음,,,,
수도권4년, 언론홍보학과, 학점 3.42/4.5, 토익 860, 자격증 2개, 인턴 3회, 수상 2회, 동아리 1회, 사회활동 1회,9,561, 읽음,,,,
지방4년,컴퓨터학부, 학점 4.17/4.5, 토익 785, 토스 Level6, 제2외국어 2개, 자격증 4개,5,236, 읽음,,,,,,
지방4년,컴퓨터학부, 학점 3.8/4.5, 토익 780, 토스 Level6, 자격증 2개,12,738, 읽음,,,,,,,
수도권4년,컴퓨터학부, 학점 3.2/4.5, 토익 845, 토스 Level6, 인턴 1회,6,34, 읽음,,,,,,,
수도권4년, 디지털미디어과, 학점 3.98/4.5, 토익 900, 토스 Level6, 제2외국어 1개, 자격증 1개, 해외경험 2회, 인턴 2회,8,418, 읽음,,,,
수도권4년, 정보통신공학, 학점 3.68/4.5, 토익 845, 토스 Level6, 자격증 2개, 수상 1회,15,596, 읽음,,,,,,
수도권4년,컴퓨터학부, 학점 3.2/4.5, 오픽 IH, 자격증 3개, 인턴 1회,4,43, 읽음,,,,,,,
수도권4년,컴퓨터학부, 학점 3.5/4.5, 토익 825, 자격증 1개, 해외경험 1회,3,557, 읽음,,,,,,,
지방4년,컴퓨터학부, 학점 3.6/4.5, 토익 870, 토스 Level6, 오픽 IH, 자격증 2개, 해외경험 1회, 인턴 1회,2,939, 읽음,,,,
고졸, 자격증 4개, 수상 3회,0, 교내활동 1회, 사회활동 1회,11,900, 읽음,,,,,,,
수도권4년,컴퓨터학부, 학점 3.2/4.5, 오픽 IH, 자격증 3개, 인턴 1회,3,68, 읽음,,,,,,,
수도권4년,컴퓨터학부, 학점 3.7/4.5, 토익 765, 토스 Level5, 자격증 1개, 인턴 1회,4,87, 읽음,,,,,,
대졸4년, 소프트웨어공학, 학점 3.4/4.5,0, 수상 1회, 자원봉사 1회,5,493, 읽음,,,,,,,
수도권4년,산업공학, 학점 3.7/4.5, 토익 820, 토스 Level6, 자격증 1개, 인턴 1회,7,547, 읽음,,,,,,
수도권4년,컴퓨터학부, 학점 4/4.5, 토익 830, 토스 Level6, 자격증 1개, 인턴 1회,12,811, 읽음,,,,,,
수도권4년, 정보통신공학, 학점 3.81/4.5, 토익 860, 토스 Level5, 자격증 1개, 인턴 1회, 자원봉사 1회,12,367, 읽음,,,,,
수도권4년,컴퓨터학부, 학점 3.89/4.5, 토익 890, 오픽 IH, 자격증 1개, 해외경험 1회, 인턴 2회, 수상 2회,3,651, 읽음,,,,
지방4년,컴퓨터학부, 학점 3.3/4.5,0,4,80, 읽음,,,,,,,,,
수도권4년,컴퓨터학부, 학점 3.9/4.5, 토익 940, 자격증 1개,5,974, 읽음,,,,,,,,
수도권4년,컴퓨터학부, 학점 3.9/4.5, 토익 940, 자격증 1개,5,342, 읽음,,,,,,,,
지방4년,컴퓨터학부, 학점 4.17/4.5, 토익 785, 토스 Level6, 제2외국어 2개, 자격증 4개,17,516, 읽음,,,,,,
지방4년,컴퓨터학부, 학점 3.8/4.5,0,7,179, 읽음,,,,,,,,,
수도권4년,컴퓨터학부, 학점 2.7/4.5,0, 자원봉사 2회,22,566, 읽음,,,,,,,,
지방4년,컴퓨터학부, 학점 4.05/4.5, 토익 730, 오픽 IM2, 자격증 3개, 수상 2회, 자원봉사 1회,10,136, 읽음,,,,,
해외대학, SoftwareEngineering, 학점 3.8/4.5,0, 수상 1회, 자원봉사 1회,13,333, 읽음,,,,,,,
해외대학, Science in Biochemistry, 인턴 1회,0,18,792, 읽음,,,,,,,,,
수도권4년, 사이버보안학과, 학점 4.18/4.5, 토익 895, 자격증 1개, 인턴 1회,24,647, 읽음,,,,,,,
대졸4년, 정보통신공학, 학점 3.66/4.5, 토익 845, 토스 Level6, 자격증 2개, 수상 1회,3,5, 읽음,,,,,,
대학원,컴퓨터학부, 학점 4.44/4.5, 토익 765, 오픽 IM1, 자격증 2개, 수상 7회, 자원봉사 3회,33,35, 읽음,,,,,
수도권4년,산업공학, 학점 4.14/4.5, 토스 Level6, 동아리 1회,13,547, 읽음,,,,,,,,
수도권4년,산업공학, 학점 3.68/4.5, 토익 810, 토스 Level6, 자격증 3개, 해외경험 1회, 인턴 2회, 수상 1회, 교내활동 1회, 사회활동 1회, 자원봉사 2회,15,898, 읽음,
대졸4년, 인문학부, 학점 3.5/4.5, 토익 910, 자격증 1개, 인턴 1회,5,291, 읽음,,,,,,,
수도권4년,컴퓨터학부, 학점 4.2/4.5, 토스 Level7, 자격증 1개,5,99, 읽음,,,,,,,,
수도권4년,컴퓨터학부, 학점 4/4.5, 토익 715, 자격증 1개, 인턴 1회, 수상 1회, 자원봉사 1회,9,336, 읽음,,,,,
수도권4년, 정보통신공학, 학점 4.02/4.5, 토익 810, 토스 Level6, 자격증 3개, 인턴 1회,31,304, 읽음,,,,,,
수도권4년,컴퓨터학부, 학점 3.9/4.5, 토익 940, 자격증 1개,3,594, 읽음,,,,,,,,
대학원,전기전자, 학점 4.36/4.5, 토스 Level5, 오픽 IL, 제2외국어 2개, 자격증 1개, 동아리 1회, 자원봉사 1회,13,142, 읽음,,,,
대학원, 휴먼ICT융합학과, 학점 4.07/4.5, 오픽 IM2, 자격증 5개, 인턴 2회, 수상 2회,8,760, 읽음,,,,,,
수도권4년, 경영정보, 학점 3.5/4.5, 토익 730, 토스 Level6, 자격증 1개, 인턴 1회, 자원봉사 1회,9,554, 읽음,,,,,
수도권4년, 정보통신공학, 학점 4.02/4.5, 토익 810, 토스 Level6, 자격증 3개, 인턴 1회,15,258, 읽음,,,,,,
수도권4년,컴퓨터학부, 학점 3.5/4.5, 오픽 M1,5,216, 읽음,,,,,,,,,
지방4년,컴퓨터학부, 학점 4.13/4.5, 토익 690, 토스 Level5, 오픽 IM2, 자격증 1개, 인턴 1회,22,705, 읽음,,,,,
지방4년,컴퓨터학부, 학점 4.13/4.5, 토익 690, 토스 Level5, 오픽 IM2, 자격증 1개, 인턴 1회,34,105, 읽음,,,,,
대졸4년, 응용통계학과, 학점 3.78/4.5, 토스 Level6, 자격증 2개, 인턴 1회, 수상 1회, 사회활동 1회,15,950, 읽음,,,,,
수도권4년,컴퓨터학부, 학점 3.92/4.5, 토익 700, 오픽 IM1, 자격증 1개, 해외경험 1회, 인턴 1회, 자원봉사 1회,8,97, 읽음,,,,
수도권4년,컴퓨터학부, 학점 3.83/4.5, 토익 945, 오픽 IM1, 자격증 3개, 수상 3회, 동아리 1회, 교내활동 1회,26,247, 읽음,,,,
수도권4년,컴퓨터학부, 학점 3.3/4.5, 토익 865, 토스 Level6, 수상 1회,16,506, 읽음,,,,,,,
수도권4년,컴퓨터학부, 학점 4/4.5, 토익 830, 토스 Level6, 자격증 1개, 인턴 1회,7,130, 읽음,,,,,,
수도권4년,전기전자, 학점 3.4/4.5, 토스 Level6, 오픽 IH,32,46, 읽음,,,,,,,,
수도권4년, 영어영문학, 학점 3.92/4.5, 토익 965, 오픽 IH, 자격증 1개, 해외경험 1회, 동아리 1회, 자원봉사 1회,10,743, 읽음,,,,
수도권4년, 영문, 학점 3.5/4.5, 토익 910, 인턴 1회, 수상 2회,25,523, 읽음,,,,,,,
수도권4년, 정보통신공학, 학점 3.57/4.5, 토익 810, 토스 Level5, 자격증 2개, 인턴 1회, 수상 1회,6,160, 읽음,,,,,
수도권4년, 영어영문학, 학점 3.92/4.5, 토익 965, 오픽 IH, 자격증 1개, 해외경험 1회, 동아리 1회, 자원봉사 1회,6,528, 읽음,,,,
수도권4년,컴퓨터학부, 학점 3.6/4.5, 토스 Level5,2,444, 읽음,,,,,,,,,
대학원,컴퓨터학부, 학점 4.31/4.5, 오픽 IL, 자격증 1개, 해외경험 1회, 수상 1회, 동아리 1회, 교내활동 1회, 사회활동 1회,23,561, 읽음,,,
수도권4년,컴퓨터학부, 학점 3.3/4.5, 토익 865, 자격증 4개, 해외경험 1회, 인턴 1회, 수상 1회, 자원봉사 1회,8,887, 읽음,,,,
수도권4년,컴퓨터학부, 학점 3.1/4.5, 토익 705, 자격증 1개, 인턴 1회,6,47, 읽음,,,,,,,
수도권4년,산업공학, 학점 3.3/4.5,0,10,255, 읽음,,,,,,,,,
수도권4년, 정보통신공학, 학점 4.02/4.5, 토익 810, 토스 Level6, 자격증 3개, 인턴 1회,16,500, 읽음,,,,,,
지방4년,컴퓨터학부, 학점 4.2/4.5, 토익 930, 오픽 IH, 자격증 1개, 해외경험 1회, 인턴 1회, 수상 1회, 자원봉사 1회,13,711, 읽음,,,
초대졸,컴퓨터학부, 학점 4.1/4.5,0, 인턴 1회, 자원봉사 2회,4,583, 읽음,,,,,,,
대학원,컴퓨터학부, 학점 4/4.5,0,10,246, 읽음,,,,,,,,,
지방4년,컴퓨터학부, 학점 3.8/4.5, 토익 760, 자격증 5개, 인턴 1회, 수상 2회,12,383, 읽음,,,,,,
수도권4년, 정보통신공학, 학점 3.3/4.5, 토익 930, 오픽 AL, 해외경험 2회, 인턴 1회, 자원봉사 1회,3,60, 읽음,,,,,
지방4년,컴퓨터학부, 학점 4.13/4.5, 토익 690, 토스 Level5, 오픽 IM2, 자격증 1개, 인턴 1회,14,85, 읽음,,,,,
수도권4년, 경영정보, 학점 3.5/4.5, 토익 730, 토스 Level6, 자격증 1개, 인턴 1회, 자원봉사 1회,23,601, 읽음,,,,,
대졸4년, 인문학부, 학점 3.5/4.5, 토익 910, 자격증 1개, 인턴 1회,9,832, 읽음,,,,,,,
수도권4년,컴퓨터학부, 학점 3.7/4.5, 토익 825, 오픽 IH, 자격증 1개, 인턴 1회,2,751, 읽음,,,,,,
수도권4년,컴퓨터학부, 학점 3.3/4.5,0, 해외경험 3회, 인턴 1회,16,745, 읽음,,,,,,,
지방4년, 정보통신공학, 학점 3.44/4.5, 토익 845, 오픽 IM2, 자격증 3개,8,390, 읽음,,,,,,,
수도권4년,컴퓨터학부, 학점 4/4.5, 토익 830, 토스 Level6, 자격증 1개, 인턴 1회,26,609, 읽음,,,,,,
수도권4년,컴퓨터학부, 학점 3.2/4.5, 토익 845, 토스 Level6, 인턴 1회,9,390, 읽음,,,,,,,
대졸4년,컴퓨터학부, 학점 3.74/4.5, 토익 850, 토스 Level6, 자격증 1개, 인턴 2회,18,417, 읽음,,,,,,
지방4년, 제어계측공학과, 학점 3.64/4.5, 토익 820, 자격증 1개, 해외경험 1회,13,424, 읽음,,,,,,,
수도권4년,산업공학, 학점 3.68/4.5, 토익 810, 토스 Level6, 자격증 3개, 해외경험 1회, 인턴 2회, 수상 1회, 교내활동 1회, 사회활동 1회, 자원봉사 2회,8,517, 읽음,
수도권4년, 정보통신공학, 학점 3.5/4.5,0,544, 읽음,,,,,,,,,,
지방4년, 소프트웨어공학, 학점 3.2/4.5, 오픽 IM1, 자격증 2개, 교내활동 1회,35,195, 읽음,,,,,,,
수도권4년, 정보통신공학, 학점 3.85/4.5, 토익 770, 토스 Level5, 자격증 5개, 수상 2회,13,37, 읽음,,,,,,
지방4년, 정보통신공학, 학점 3.1/4.5, 토익 680, 오픽 IL, 자격증 2개,22,516, 읽음,,,,,,,
지방4년,컴퓨터학부, 학점 3.2/4.5,0,246, 읽음,,,,,,,,,,
수도권4년, 정보통신공학, 학점 4.02/4.5, 토익 810, 토스 Level6, 자격증 3개, 인턴 1회,6,21, 읽음,,,,,,
대학원,전기전자, 학점 4.36/4.5, 토스 Level5, 오픽 IL, 제2외국어 2개, 자격증 1개, 동아리 1회, 자원봉사 1회,6,878, 읽음,,,,
지방4년,컴퓨터학부, 학점 4.13/4.5, 토익 690, 토스 Level5, 오픽 IM2, 자격증 1개, 인턴 1회,32,962, 읽음,,,,,
지방4년,컴퓨터학부, 학점 4.2/4.5, 토익 930, 오픽 IH, 자격증 1개, 해외경험 1회, 인턴 1회, 수상 1회, 자원봉사 1회,23,777, 읽음,,,
수도권4년,컴퓨터학부, 학점 3.6/4.5, 토익 900, 자격증 2개, 수상 1회,23,82, 읽음,,,,,,,
대졸4년, 소프트웨어공학, 학점 3.4/4.5,0, 수상 1회, 자원봉사 1회,14,272, 읽음,,,,,,,
수도권4년, 미디어학과, 학점 3.58/4.5, 토스 Level6, 자격증 1개, 해외경험 1회, 인턴 1회,22,252, 읽음,,,,,,
지방4년,컴퓨터학부, 학점 3.8/4.5, 토익 780, 자격증 3개,10,227, 읽음,,,,,,,,
수도권4년, 화학공학.고분자공학과, 학점 3.8/4.5, 오픽 IH, 자격증 1개,30,816, 읽음,,,,,,,,
수도권4년,산업공학, 학점 3.47/4.5, 토익 755, 오픽 IM2, 자격증 3개, 인턴 1회, 자원봉사 3회,11,816, 읽음,,,,,
수도권4년,컴퓨터학부, 학점 3.2/4.5, 오픽 IH, 자격증 2개, 인턴 1회,5,662, 읽음,,,,,,,
지방4년,컴퓨터학부, 학점 3.6/4.5, 토익 765, 인턴 1회, 자원봉사 1회,3,489, 읽음,,,,,,,
지방4년, 수학과, 학점 3.4/4.5, 토익 730, 오픽 IL, 자격증 1개, 인턴 1회, 사회활동 1회,9,384, 읽음,,,,,
수도권4년, 정보통신공학, 학점 3.57/4.5, 토익 810, 토스 Level5, 자격증 2개, 인턴 1회, 수상 1회,5,658, 읽음,,,,,
수도권4년,전기전자, 학점 3.9/4.5, 토스 Level6, 자격증 2개, 인턴 1회, 수상 2회, 동아리 2회,29,653, 읽음,,,,,
수도권4년,컴퓨터학부, 학점 3.9/4.5, 토익 940, 자격증 1개,6,791, 읽음,,,,,,,,
수도권4년,컴퓨터학부, 학점 3.9/4.5, 토익 940, 자격증 1개,3,647, 읽음,,,,,,,,
수도권4년, 정보통신공학, 학점 3.2/4.5,0, 인턴 2회, 수상 2회,11,852, 읽음,,,,,,,
수도권4년,컴퓨터학부, 학점 4.1/4.5, 토익 845, 교내활동 1회,36,1, 읽음,,,,,,,,
지방4년,컴퓨터학부, 학점 3.2/4.5,0, 인턴 2회, 수상 1회,15,133, 읽음,,,,,,,
수도권4년,컴퓨터학부, 학점 3.3/4.5,0, 해외경험 3회, 인턴 1회,3,40, 읽음,,,,,,,
지방4년,컴퓨터학부, 학점 3.6/4.5, 토익 870, 토스 Level6, 오픽 IH, 자격증 2개, 해외경험 1회, 인턴 1회,8,953, 읽음,,,,
수도권4년, 정보통신공학, 학점 4.02/4.5, 토익 810, 토스 Level6, 자격증 3개,8,609, 읽음,,,,,,,
대학원, 휴먼ICT융합학과, 학점 4.07/4.5, 오픽 IM2, 자격증 5개, 인턴 2회, 수상 2회,37,826, 읽음,,,,,,
수도권4년,컴퓨터학부, 학점 2.7/4.5,0, 자원봉사 2회,5,181, 읽음,,,,,,,,
수도권4년,컴퓨터학부, 학점 3.83/4.5, 토익 945, 오픽 IM1, 자격증 3개, 수상 3회, 동아리 1회, 교내활동 1회,56,428, 읽음,,,,
수도권4년,컴퓨터학부, 학점 3.07/4.5,0, 인턴 1회, 동아리 1회,9,410, 읽음,,,,,,,
수도권4년, 글로벌통상학과, 학점 3.88/4.5,0,968, 읽음,,,,,,,,,,
수도권4년,컴퓨터학부, 학점 3.4/4.5, 토익 885, 자격증 1개, 수상 1회,3,889, 읽음,,,,,,,
수도권4년,컴퓨터학부, 학점 4/4.5, 토익 815, 토스 Level6, 자격증 3개,4,712, 읽음,,,,,,,
수도권4년,컴퓨터학부, 학점 4.1/4.5, 토익 630, 자격증 3개, 수상 1회, 자원봉사 3회,5,705, 읽음,,,,,,
수도권4년, 정보통신공학, 학점 2.92/4.5,0, 사회활동 1회, 자원봉사 2회,23,926, 읽음,,,,,,,
수도권4년, 정보통신공학, 학점 3.2/4.5,0, 인턴 2회, 수상 2회,7,269, 읽음,,,,,,,
수도권4년, 정보통신공학, 학점 3.92/4.5, 토익 785, 토스 Level6, 자격증 3개, 해외경험 2회, 수상 1회, 동아리 1회,21,92, 읽음,,,,
지방4년,컴퓨터학부, 학점 4.12/4.5,0, 인턴 1회,8,316, 읽음,,,,,,,,
대졸4년,컴퓨터학부, 학점 3.01/4.5, 토익 840, 오픽 IH, 자격증 1개,7,65, 읽음,,,,,,,
대학원,컴퓨터학부, 학점 3.8/4.5,0,37, 읽음,,,,,,,,,,
지방4년,컴퓨터학부, 학점 4.17/4.5, 토익 785, 토스 Level6, 제2외국어 2개, 자격증 4개,13,720, 읽음,,,,,,
수도권4년,컴퓨터학부, 학점 3.7/4.5, 토익 735, 오픽 IH, 자격증 4개, 해외경험 1회, 인턴 1회, 자원봉사 1회,5,821, 읽음,,,,
초대졸,컴퓨터학부, 학점 4/4.5, 토익 805, 토스 Level6, 자격증 5개,13,63, 읽음,,,,,,,
지방4년,컴퓨터학부, 학점 3.3/4.5,0,21,688, 읽음,,,,,,,,,
수도권4년,전기전자, 학점 3.32/4.5,0, 동아리 2회,92,511, 읽음,,,,,,,,
지방4년,컴퓨터학부, 학점 4.05/4.5, 토익 730, 오픽 IM2, 자격증 3개, 수상 2회, 자원봉사 1회,15,472, 읽음,,,,,
수도권4년,컴퓨터학부, 학점 3.4/4.5, 토익 845,10,147, 읽음,,,,,,,,,
수도권4년,전기전자, 학점 3.43/4.5,0,3,163, 읽음,,,,,,,,,
지방4년,컴퓨터학부, 학점 4.05/4.5, 토익 730, 오픽 IM2, 자격증 3개, 수상 2회, 자원봉사 1회,25,617, 읽음,,,,,
수도권4년,컴퓨터학부, 학점 3.2/4.5, 오픽 IH, 자격증 3개, 인턴 1회,7,221, 읽음,,,,,,,
수도권4년,컴퓨터학부, 학점 3.83/4.5, 토익 945, 오픽 IM1, 자격증 3개, 수상 3회, 동아리 1회, 교내활동 1회,10,98, 읽음,,,,
지방4년,컴퓨터학부, 학점 3.8/4.5, 토익 720, 자격증 5개, 인턴 1회, 수상 2회,9,820, 읽음,,,,,,
수도권4년,전기전자, 학점 3.43/4.5, 토익 810, 토스 Level6, 자격증 3개,23,567, 읽음,,,,,,,
수도권4년, 수학과, 학점 3.46/4.5, 토익 890, 토스 Level5, 자격증 2개,13,128, 읽음,,,,,,,
지방4년,컴퓨터학부, 학점 3.6/4.5, 토익 870, 토스 Level6, 오픽 IH, 자격증 2개, 해외경험 1회, 인턴 1회,17,778, 읽음,,,,
수도권4년,컴퓨터학부, 학점 3.9/4.5, 토익 940, 자격증 1개,18,217, 읽음,,,,,,,,
지방4년,컴퓨터학부, 학점 3.5/4.5, 오픽 IL, 자격증 2개, 인턴 1회,3,140, 읽음,,,,,,,
수도권4년,컴퓨터학부, 학점 3.9/4.5, 토익 940, 자격증 1개,4,338, 읽음,,,,,,,,
수도권4년,컴퓨터학부, 학점 3.2/4.5, 토익 845, 토스 Level6, 인턴 1회,6,53, 읽음,,,,,,,
수도권4년,컴퓨터학부, 학점 3.6/4.5, 토익 805, 토스 Level5, 자격증 1개,6,299, 읽음,,,,,,,
지방4년,컴퓨터학부, 학점 3.14/4.5, 토익 695, 자격증 1개, 수상 2회, 자원봉사 1회,13,746, 읽음,,,,,,
대학원,컴퓨터학부, 학점 3.8/4.5,0,717, 읽음,,,,,,,,,,
지방4년,전기전자, 학점 3.86/4.5, 토스 Level6, 오픽 IH, 해외경험 1회,6,991, 읽음,,,,,,,
지방4년,컴퓨터학부, 학점 4.05/4.5, 토익 730, 오픽 IM2, 자격증 3개, 해외경험 1회, 수상 2회, 자원봉사 1회,13,945, 읽음,,,,
지방4년,컴퓨터학부, 학점 3.7/4.5, 토익 840, 토스 Level7, 오픽 IH, 해외경험 1회, 인턴 2회, 수상 1회,25,857, 읽음,,,,
지방4년,컴퓨터학부, 학점 3.75/4.5, 오픽 IM2,24,410, 읽음,,,,,,,,,
지방4년,컴퓨터학부, 학점 4.12/4.5,0, 인턴 1회,5,212, 읽음,,,,,,,,
수도권4년, 정보통신공학, 학점 3.56/4.5, 오픽 IH, 자격증 4개, 해외경험 1회, 인턴 1회, 수상 7회, 동아리 2회, 사회활동 4회,30,30, 읽음,,,
수도권4년,컴퓨터학부, 학점 4.2/4.5, 토스 Level7, 자격증 1개,3,897, 읽음,,,,,,,,
수도권4년,전기전자, 학점 3.32/4.5,0, 동아리 2회,49,613, 읽음,,,,,,,,
대졸4년,컴퓨터학부, 학점 3.74/4.5, 토익 850, 토스 Level6, 자격증 1개, 인턴 2회,11,108, 읽음,,,,,,
수도권4년,컴퓨터학부, 학점 3.3/4.5, 토익 865, 자격증 4개, 해외경험 1회, 인턴 1회, 수상 1회, 자원봉사 1회,5,673, 읽음,,,,
수도권4년,컴퓨터학부, 학점 2.7/4.5,0, 자원봉사 2회,13,349, 읽음,,,,,,,,
지방4년,컴퓨터학부, 학점 3.2/4.5, 토익 815, 토스 Level6,18,59, 읽음,,,,,,,,
수도권4년, 경영학과, 학점 3.7/4.5,0, 자격증 3개,19,988, 읽음,,,,,,,,
대졸4년,컴퓨터학부, 학점 3.01/4.5, 토익 840, 오픽 IH, 자격증 1개,70,848, 읽음,,,,,,,
수도권4년,컴퓨터학부, 학점 4/4.5, 토익 815, 토스 Level6, 자격증 3개,3,166, 읽음,,,,,,,
수도권4년, 수학과, 학점 3.46/4.5, 토익 890, 토스 Level5, 자격증 2개,27,419, 읽음,,,,,,,
수도권4년,컴퓨터학부, 학점 4.07/4.5, 토익 845, 교내활동 1회,59,304, 읽음,,,,,,,,
수도권4년,컴퓨터학부, 학점 3.13/4.5,0, 수상 3회,53,471, 읽음,,,,,,,,
지방4년,컴퓨터학부, 학점 3.75/4.5, 오픽 IM2,74,720, 읽음,,,,,,,,,
수도권4년,컴퓨터학부, 학점 3.7/4.5, 토익 850, 토스 Level6, 자격증 1개, 인턴 1회,11,608, 읽음,,,,,,
수도권4년,컴퓨터학부, 학점 3.6/4.5,0, 인턴 1회,7,823, 읽음,,,,,,,,
대학원, 통신공학과, 학점 3.9/4.5, 토익 435, 자격증 6개, 동아리 1회, 교내활동 1회,13,503, 읽음,,,,,,
지방4년,컴퓨터학부, 학점 4.2/4.5, 토익 800, 토스 Level6,15,312, 읽음,,,,,,,,
지방4년,컴퓨터학부, 학점 4.05/4.5, 토익 730, 오픽 IM2, 자격증 3개, 수상 2회, 자원봉사 1회,10,263, 읽음,,,,,
대학원,컴퓨터학부, 학점 4.31/4.5, 오픽 IL, 자격증 1개, 해외경험 1회, 수상 1회, 동아리 1회, 교내활동 1회, 사회활동 1회,8,778, 읽음,,,
지방4년,컴퓨터학부, 학점 4.2/4.5, 토익 930, 오픽 IH, 자격증 1개, 해외경험 1회, 인턴 1회, 수상 1회, 자원봉사 1회,6,999, 읽음,,,
수도권4년,컴퓨터학부, 학점 3.4/4.5, 토익 845, 토스 Level6, 자격증 5개, 해외경험 1회, 인턴 1회, 수상 3회,8,878, 읽음,,,,
수도권4년,컴퓨터학부, 학점 2.7/4.5,0, 자원봉사 2회,4,25, 읽음,,,,,,,,
수도권4년, 정보통신공학, 학점 3.2/4.5,0, 인턴 2회, 수상 2회,8,268, 읽음,,,,,,,
지방4년,컴퓨터학부, 학점 4.05/4.5, 토익 730, 오픽 IM2, 자격증 3개, 수상 2회, 자원봉사 1회,10,829, 읽음,,,,,
수도권4년, 정보통신공학, 학점 3.2/4.5,0, 인턴 2회, 수상 2회,3,38, 읽음,,,,,,,
수도권4년,컴퓨터학부, 학점 3.9/4.5, 토익 940, 자격증 1개,7,244, 읽음,,,,,,,,
지방4년,컴퓨터학부, 학점 4.12/4.5,0, 인턴 1회,6,187, 읽음,,,,,,,,
수도권4년, 경영학과_경영전공, 학점 3.85/4.5, 오픽 IH, 해외경험 1회, 인턴 1회, 수상 1회,56,696, 읽음,,,,,,
수도권4년, 정보통신공학, 학점 2.92/4.5,0, 사회활동 1회, 자원봉사 2회,12,840, 읽음,,,,,,,
지방4년,컴퓨터학부, 학점 3.94/4.5,0,14,296, 읽음,,,,,,,,,
지방4년,컴퓨터학부, 학점 4.05/4.5, 오픽 IM2, 자격증 3개, 해외경험 1회, 수상 2회,4,17, 읽음,,,,,,
수도권4년, 소프트웨어공학, 학점 3.4/4.5,0, 수상 1회,7,357, 읽음,,,,,,,,
수도권4년,컴퓨터학부, 학점 3.7/4.5, 토익 850, 토스 Level6, 자격증 1개, 인턴 1회,6,434, 읽음,,,,,,
수도권4년,컴퓨터학부, 학점 3.83/4.5, 토익 945, 오픽 IM1, 자격증 3개, 수상 3회, 동아리 1회, 교내활동 1회,10,378, 읽음,,,,
대학원,컴퓨터학부, 학점 4/4.5,0,6,693, 읽음,,,,,,,,,
지방4년,컴퓨터학부, 학점 3.48/4.5, 토익 810, 토스 Level6, 자격증 1개,22,520, 읽음,,,,,,,
수도권4년,컴퓨터학부, 학점 3.6/4.5, 토스 Level5, 자격증 1개,4,156, 읽음,,,,,,,,
수도권4년,컴퓨터학부, 학점 4.2/4.5, 토스 Level7, 자격증 1개,7,759, 읽음,,,,,,,,
수도권4년,컴퓨터학부, 학점 3.6/4.5, 토익 805, 토스 Level5, 자격증 1개,7,641, 읽음,,,,,,,
해외대학, SoftwareEngineering, 학점 3.8/4.5,0, 수상 1회, 자원봉사 1회,2,399, 읽음,,,,,,,
수도권4년,컴퓨터학부, 학점 3.5/4.5,0, 해외경험 1회, 인턴 1회,2,155, 읽음,,,,,,,
수도권4년,컴퓨터학부, 학점 3.07/4.5,0, 인턴 1회, 동아리 1회,70,332, 읽음,,,,,,,
수도권4년,컴퓨터학부, 학점 3.9/4.5, 토익 940, 자격증 1개,35,758, 읽음,,,,,,,,
대학원,전기전자, 학점 3.65/4.5, 토익 770, 토스 Level6, 자격증 3개,12,432, 읽음,,,,,,,
수도권4년, 응용통계학과, 학점 3.6/4.5, 토익 935, 토스 Level6,30,307, 읽음,,,,,,,,
수도권4년, 정보통신공학, 학점 3.6/4.5,0,8,980, 읽음,,,,,,,,,
수도권4년,컴퓨터학부, 학점 4.1/4.5, 토익 845, 교내활동 1회,8,45, 읽음,,,,,,,,
지방4년,컴퓨터학부, 학점 3.86/4.3, 오픽 IL,5,91, 읽음,,,,,,,,,
수도권4년,산업공학, 학점 3.8/4.5, 토익 915, 토스 Level6, 자격증 1개, 인턴 1회,4,674, 읽음,,,,,,
수도권4년,컴퓨터학부, 학점 3.5/4.5,0, 해외경험 1회, 인턴 1회,2,413, 읽음,,,,,,,
수도권4년, 정보통신공학, 학점 3.58/4.5, 토익 945, 토스 AL, 자격증 2개, 인턴 2회, 수상 1회, 사회활동 1회,16,734, 읽음,,,,
지방4년,컴퓨터학부, 학점 3.7/4.5, 토익 840, 토스 Level7, 오픽 IH, 해외경험 1회, 인턴 2회, 수상 1회,14,909, 읽음,,,,
수도권4년,컴퓨터학부, 학점 3.6/4.5, 토익 780, 토스 Level6, 자격증 2개, 해외경험 1회,9,772, 읽음,,,,,,
대졸4년, Information security, 학점 2.9/4,0, 자격증 8개, 해외경험 1회, 수상 1회, 동아리 1회, 교내활동 1회,20,11, 읽음,,,,
수도권4년, 정보통신공학, 학점 3.7/4.5, 토익 710, 토스 Level5, 자격증 2개, 인턴 1회, 수상 2회,5,631, 읽음,,,,,
지방4년,컴퓨터학부, 학점 3.6/4.5, 토익 870, 토스 Level6, 오픽 IH, 자격증 2개, 해외경험 1회, 인턴 1회,12,922, 읽음,,,,
수도권4년, 통계학과(자연), 학점 3.41/4.5, 토익 785, 수상 1회, 교내활동 1회,38,169, 읽음,,,,,,,
수도권4년,산업공학, 학점 3.5/4.5, 오픽 IM2, 자격증 1개,4,681, 읽음,,,,,,,,
수도권4년,전기전자, 학점 3.5/4.5, 토익 775, 자격증 1개, 해외경험 1회,2,955, 읽음,,,,,,,
수도권4년,컴퓨터학부, 학점 3.06/4.5, 오픽 AL, 자격증 1개, 인턴 1회,7,151, 읽음,,,,,,,
대졸4년,컴퓨터학부, 학점 3.74/4.5, 토익 850, 토스 Level6, 자격증 1개, 인턴 2회,4,42, 읽음,,,,,,
지방4년,컴퓨터학부, 학점 4.12/4.5,0, 인턴 1회,9,594, 읽음,,,,,,,,
수도권4년, 응용통계학과, 학점 3.4/4.5, 토익 935,14,45, 읽음,,,,,,,,,
대졸4년,컴퓨터학부, 학점 3.74/4.5, 토익 850, 토스 Level6, 자격증 1개, 인턴 2회,10,218, 읽음,,,,,,
수도권4년,컴퓨터학부, 학점 3.9/4.5, 토익 940, 자격증 1개,3,620, 읽음,,,,,,,,
대학원,전기전자, 학점 4.36/4.5, 토스 Level5, 오픽 IL, 제2외국어 2개, 자격증 1개, 동아리 1회, 자원봉사 1회,20,135, 읽음,,,,
대졸4년, 소프트웨어공학, 학점 3.4/4.5,0, 수상 1회, 자원봉사 1회,6,872, 읽음,,,,,,,
대졸4년,컴퓨터학부, 학점 3.74/4.5, 토익 850, 토스 Level6, 자격증 1개, 인턴 2회,8,415, 읽음,,,,,,
대졸4년, 서어서문학과, 학점 3.6/4.5, 토익 890, 자격증 1개, 자원봉사 1회,21,296, 읽음,,,,,,,
수도권4년, 스포츠산업학과, 학점 3.93/4.5, 토익 880, 제2외국어 1개, 자격증 2개, 인턴 3회, 동아리 1회, 사회활동 2회,12,456, 읽음,,,,
수도권4년,컴퓨터학부, 학점 4.1/4.5, 토익 845, 교내활동 1회,22,316, 읽음,,,,,,,,
수도권4년, 정보통신공학, 학점 3.92/4.5, 토익 785, 토스 Level6, 자격증 3개, 해외경험 2회, 수상 1회, 동아리 1회,8,866, 읽음,,,,
수도권4년, 정보통신공학, 학점 3.8/4.5, 토익 910, 오픽 IH, 인턴 1회, 수상 1회, 자원봉사 1회,2,424, 읽음,,,,,
수도권4년,전기전자, 생체의공학, 학점 3.3/4.5, 토익 825, 자격증 1개, 인턴 1회,8,423, 읽음,,,,,,
초대졸,컴퓨터학부, 학점 4/4.5, 토익 805, 토스 Level6, 자격증 5개,8,695, 읽음,,,,,,,
지방4년,컴퓨터학부, 학점 4.05/4.5, 토익 730, 오픽 IM2, 자격증 3개, 수상 2회, 자원봉사 1회,12,762, 읽음,,,,,
수도권4년,컴퓨터학부, 학점 3.6/4.5, 토익 780, 토스 Level6, 자격증 2개, 해외경험 1회,5,76, 읽음,,,,,,
수도권4년, 영어영문학, 학점 3.92/4.5, 토익 965, 오픽 IH, 자격증 1개, 해외경험 1회, 동아리 1회, 자원봉사 1회,20,210, 읽음,,,,
수도권4년,컴퓨터학부, 학점 4.1/4.5, 토익 845, 교내활동 1회,18,559, 읽음,,,,,,,,
수도권4년, 정보통신공학, 학점 3.9/4.5, 토스 Level6, 자격증 1개, 인턴 1회, 수상 1회, 자원봉사 2회,3,101, 읽음,,,,,
수도권4년, 정보통신공학, 학점 3.6/4.5,0,35,893, 읽음,,,,,,,,,
대졸4년, 인문학부, 학점 3.5/4.5, 토익 910, 자격증 1개, 인턴 1회,12,72, 읽음,,,,,,,
수도권4년,컴퓨터학부, 학점 3.2/4.5, 오픽 IH, 자격증 3개, 인턴 1회,7,266, 읽음,,,,,,,
수도권4년,전기전자, 학점 3.97/4.5, 토익 760, 토스 Level6,28,332, 읽음,,,,,,,,
수도권4년,컴퓨터학부, 학점 3.7/4.5, 토익 790, 토스 Level6, 자격증 1개, 수상 1회, 자원봉사 1회,8,113, 읽음,,,,,
대졸4년, 응용통계학과, 학점 3.78/4.5, 토스 Level6, 자격증 2개, 인턴 1회, 수상 1회, 사회활동 1회,18,687, 읽음,,,,,
대학원,컴퓨터학부, 학점 4.05/4.5, 토익 730, 오픽 IM2, 자격증 3개, 수상 2회, 자원봉사 1회,14,619, 읽음,,,,,
수도권4년, 정보통신공학, 학점 2.92/4.5,0, 사회활동 1회, 자원봉사 2회,12,446, 읽음,,,,,,,
수도권4년,컴퓨터학부, 학점 3.4/4.5, 토익 790, 토스 Level6, 자격증 3개, 인턴 1회, 수상 1회,2,201, 읽음,,,,,
수도권4년,컴퓨터학부, 학점 3.6/4.5,0, 인턴 1회, 수상 1회, 자원봉사 1회,15,57, 읽음,,,,,,
수도권4년,컴퓨터학부, 학점 3.7/4.5, 토익 790, 토스 Level6, 자격증 1개, 수상 1회, 자원봉사 1회,4,365, 읽음,,,,,
수도권4년,컴퓨터학부, 학점 3.4/4.5, 토익 820, 토스 Level6, 자격증 1개,6,655, 읽음,,,,,,,
수도권4년, 정보통신공학, 학점 3.7/4.5, 토익 710, 토스 Level5, 자격증 3개, 인턴 1회, 수상 2회,3,391, 읽음,,,,,
수도권4년, 융합기계공학전공, 학점 3.12/4.5, 오픽 IH, 자격증 1개, 인턴 1회, 수상 1회,16,694, 읽음,,,,,,
수도권4년,컴퓨터학부, 학점 3.6/4.5, 토스 Level5,7,336, 읽음,,,,,,,,,
수도권4년,컴퓨터학부, 학점 3.7/4.5, 토익 765, 토스 Level5, 자격증 1개, 인턴 1회,6,738, 읽음,,,,,,
수도권4년,컴퓨터학부, 학점 3.06/4.5, 오픽 AL, 자격증 1개, 인턴 1회,12,505, 읽음,,,,,,,
수도권4년,산업공학, 학점 3.8/4.5, 토익 915, 토스 Level6, 자격증 1개, 인턴 1회,6,234, 읽음,,,,,,
수도권4년, 경영정보, 학점 3.5/4.5, 토익 730, 토스 Level6, 자격증 1개, 인턴 1회, 자원봉사 1회,10,125, 읽음,,,,,
지방4년,전기전자, 학점 3.12/4.5, 오픽 IM1,10,752, 읽음,,,,,,,,,
수도권4년, 스포츠산업학과, 학점 3.93/4.5, 토익 880, 제2외국어 1개, 자격증 2개, 인턴 3회, 동아리 1회, 사회활동 2회,12,121, 읽음,,,,
수도권4년,컴퓨터학부, 학점 3.4/4.5,0,10,650, 읽음,,,,,,,,,
수도권4년, 영문과, 학점 4.2/4.5, 토익 960, 자격증 1개,22,23, 읽음,,,,,,,,
수도권4년, 통계학과(자연), 학점 3.51/4.5, 토익 785, 수상 1회, 교내활동 1회,96,921, 읽음,,,,,,,
수도권4년, 공간정보공학과, 학점 3.62/4.5,0,10,54, 읽음,,,,,,,,,
수도권4년, 경영정보, 학점 3.5/4.5, 토익 730, 토스 Level6, 자격증 1개, 인턴 1회, 자원봉사 1회,7,705, 읽음,,,,,
수도권4년,전기전자, 학점 3.7/4.5, 토익 690, 자격증 3개,9,597, 읽음,,,,,,,,
수도권4년,컴퓨터학부, 학점 3.1/4.5, 토익 705, 자격증 1개, 인턴 1회,11,562, 읽음,,,,,,,
초대졸,컴퓨터학부, 학점 3.68/4.5,0, 인턴 1회,9,28, 읽음,,,,,,,,
수도권4년, 정보통신공학, 학점 4.02/4.5, 토익 810, 토스 Level6, 자격증 3개,4,887, 읽음,,,,,,,
수도권4년,컴퓨터학부, 학점 2.97/4.5, 토익 725, 해외경험 1회, 동아리 2회,16,765, 읽음,,,,,,,
수도권4년, 정보통신공학, 학점 3.4/4.5,0,201, 읽음,,,,,,,,,,
대졸4년,컴퓨터학부, 학점 3.01/4.5, 토익 840, 오픽 IH, 자격증 1개, 자원봉사 1회,10,474, 읽음,,,,,,
대학원, 인공지능융합학과, 학점 4.13/4.5, 오픽 IH, 수상 3회, 동아리 1회, 교내활동 1회, 자원봉사 1회,20,81, 읽음,,,,,
대졸4년,컴퓨터학부, 학점 4.2/4.5,0,3,665, 읽음,,,,,,,,,
수도권4년,컴퓨터학부, 학점 3.6/4.5, 오픽 M2, 자격증 1개, 인턴 1회,28,151, 읽음,,,,,,,
수도권4년,컴퓨터학부, 학점 4/4.5, 토익 830, 토스 Level6, 자격증 1개, 인턴 1회,6,678, 읽음,,,,,,
수도권4년,컴퓨터학부, 학점 3.17/4.5,0, 인턴 1회,3,732, 읽음,,,,,,,,
지방4년,컴퓨터학부, 학점 4.31/4.5, 토익 725, 자격증 1개, 인턴 1회, 수상 1회, 교내활동 1회, 자원봉사 1회,8,962, 읽음,,,,
고졸, 자격증 4개,0,0, 교내활동 1회, 사회활동 1회,22,219, 읽음,,,,,,,
수도권4년, 정보통신공학, 학점 3.9/4.5, 토스 Level6, 자격증 1개, 인턴 1회, 수상 1회, 자원봉사 2회,9,56, 읽음,,,,,
수도권4년,컴퓨터학부, 학점 3.5/4.5,0, 해외경험 1회, 인턴 1회,9,855, 읽음,,,,,,,
수도권4년,전기전자, 학점 3.32/4.5, 토스 Level6, 수상 1회, 동아리 2회,16,249, 읽음,,,,,,,
지방4년,컴퓨터학부, 학점 4.2/4.5, 토익 930, 오픽 IH, 자격증 1개, 해외경험 1회, 인턴 1회, 수상 1회, 자원봉사 1회,12,652, 읽음,,,
수도권4년,산업공학, 학점 3.47/4.5, 토익 755, 오픽 IM2, 자격증 3개, 인턴 1회, 자원봉사 3회,14,536, 읽음,,,,,
수도권4년, 정보통신공학, 학점 3.57/4.5,0, 수상 2회,61,939, 읽음,,,,,,,,
수도권4년,컴퓨터학부, 학점 3.2/4.5, 토익 845, 토스 Level6, 인턴 1회,9,61, 읽음,,,,,,,
지방4년,컴퓨터학부, 학점 3.6/4.5, 토익 870, 토스 Level6, 오픽 IH, 해외경험 1회, 인턴 1회,933, 읽음,,,,,,
수도권4년,컴퓨터학부, 학점 3.4/4.5, 토익 885, 자격증 1개, 인턴 1회,3,162, 읽음,,,,,,,
수도권4년,컴퓨터학부, 학점 3.8/4.5, 토익 780, 토스 Level5, 자격증 1개, 인턴 1회,4,820, 읽음,,,,,,
수도권4년, 스포츠산업학과, 학점 3.93/4.5, 토익 880, 제2외국어 1개, 자격증 2개, 인턴 3회, 동아리 1회, 사회활동 2회,19,823, 읽음,,,,
수도권4년, 정보통신공학, 학점 3.14/4.5, 오픽 IM1, 자격증 6개, 인턴 1회, 수상 2회, 동아리 1회,23,960, 읽음,,,,,
지방4년,산업공학, 학점 3.9/4.5,0, 인턴 1회,27,54, 읽음,,,,,,,,
대학원,컴퓨터학부, 학점 4.05/4.5, 토익 730, 오픽 IM2, 자격증 3개, 수상 2회, 자원봉사 1회,41,670, 읽음,,,,,
수도권4년,컴퓨터학부, 학점 3.77/4.5, 토익 845, 토스 Level6, 인턴 1회, 수상 1회, 동아리 1회, 자원봉사 1회,27,323, 읽음,,,,
수도권4년,컴퓨터학부, 학점 3.1/4.5, 토익 705, 자격증 1개, 인턴 1회,8,859, 읽음,,,,,,,
수도권4년,컴퓨터학부, 학점 3.9/4.5, 토익 940, 자격증 1개,15,274, 읽음,,,,,,,,
지방4년,컴퓨터학부, 학점 4.05/4.5, 토익 730, 오픽 IM2, 자격증 3개, 수상 2회, 자원봉사 1회,7,803, 읽음,,,,,
수도권4년,산업공학, 학점 3.77/4.5, 오픽 IM2,18,82, 읽음,,,,,,,,,
수도권4년, 정보통신공학, 학점 2.92/4.5,0, 사회활동 1회, 자원봉사 2회,18,705, 읽음,,,,,,,
수도권4년,컴퓨터학부, 학점 3.43/4.5, 토익 610, 자격증 1개, 인턴 2회, 수상 3회, 자원봉사 1회,39,875, 읽음,,,,,
수도권4년,컴퓨터학부, 학점 3.24/4.5, 토익 785, 자격증 1개, 수상 1회,12,602, 읽음,,,,,,,
수도권4년,전기전자, 학점 4.4/4.5, 토익 930, 오픽 IM1, 자격증 1개, 수상 5회,10,535, 읽음,,,,,,
지방4년,컴퓨터학부, 학점 4.05/4.5, 토익 730, 오픽 IM2, 자격증 3개, 수상 2회, 자원봉사 1회,9,640, 읽음,,,,,
지방4년, 정보통신공학, 학점 3.1/4.5, 토익 680, 오픽 IL, 자격증 2개,42,315, 읽음,,,,,,,
수도권4년, 정보통신공학, 학점 2.92/4.5,0, 사회활동 1회, 자원봉사 2회,42,987, 읽음,,,,,,,
수도권4년, 정보통신공학, 학점 3.6/4.5, 토익 845, 수상 1회,10,856, 읽음,,,,,,,,
지방4년,컴퓨터학부, 학점 3.48/4.5, 토익 810, 토스 Level6, 자격증 1개,19,863, 읽음,,,,,,,
수도권4년,컴퓨터학부, 학점 3.1/4.5, 토익 705, 자격증 1개, 인턴 1회,3,278, 읽음,,,,,,,
지방4년,컴퓨터학부, 학점 3.3/4.5, 토익 765, 오픽 IL, 자격증 1개, 수상 1회,8,587, 읽음,,,,,,
지방4년,컴퓨터학부, 학점 3.3/4.5,0, 인턴 1회, 수상 3회,6,701, 읽음,,,,,,,
수도권4년,컴퓨터학부, 학점 3.7/4.5, 토익 850, 토스 Level6, 자격증 1개, 인턴 1회,15,320, 읽음,,,,,,
수도권4년,컴퓨터학부, 학점 3.7/4.5, 토익 850, 토스 Level6, 자격증 1개, 인턴 1회,2,843, 읽음,,,,,,
수도권4년, 정보통신공학, 학점 3.56/4.5, 오픽 IH, 자격증 4개, 해외경험 1회, 인턴 1회, 수상 7회, 동아리 2회, 사회활동 4회,20,418, 읽음,,,
수도권4년,컴퓨터학부, 학점 3.9/4.5, 토익 940, 자격증 1개,2,683, 읽음,,,,,,,,
수도권4년,전기전자, 학점 3.5/4.5, 토익 900, 토스 Level6, 자격증 1개, 인턴 1회, 수상 1회, 동아리 1회,5,147, 읽음,,,,
수도권4년, 수학과, 학점 3.46/4.5, 토익 890, 토스 Level5, 자격증 2개,27,881, 읽음,,,,,,,
수도권4년, 경영정보, 학점 3.5/4.5, 토익 730, 토스 Level6, 자격증 1개, 인턴 1회, 자원봉사 1회,19,130, 읽음,,,,,
지방4년, 소프트웨어공학, 학점 3.65/4.5, 토익 845, 토스 Level6, 자격증 2개, 해외경험 1회, 수상 1회,4,892, 읽음,,,,,
수도권4년,컴퓨터학부, 학점 3.5/4.5, 토익 610, 오픽 M1, 자격증 1개,7,268, 읽음,,,,,,,
지방4년,컴퓨터학부, 학점 4.15/4.5,0, 수상 2회,15,42, 읽음,,,,,,,,
수도권4년,컴퓨터학부, 학점 3.82/4.5, 토익 735, 자격증 2개, 인턴 1회, 수상 2회,7,567, 읽음,,,,,,
수도권4년,컴퓨터학부, 학점 3.3/4.5, 오픽 IM2, 해외경험 1회, 수상 2회,20,638, 읽음,,,,,,,
수도권4년,컴퓨터학부, 학점 3.7/4.5, 토익 825, 오픽 IH, 자격증 1개, 인턴 1회,7,774, 읽음,,,,,,
수도권4년,컴퓨터학부, 학점 4.2/4.5, 토스 Level7, 자격증 1개,2,92, 읽음,,,,,,,,
수도권4년,컴퓨터학부, 학점 3.6/4.5, 토스 Level6, 자격증 1개, 인턴 1회, 수상 1회, 자원봉사 1회,6,85, 읽음,,,,,
수도권4년,컴퓨터학부, 학점 3.4/4.5, 토익 845, 토스 Level6, 자격증 5개, 해외경험 1회, 인턴 1회, 수상 3회,5,977, 읽음,,,,
지방4년, 건축학과, 학점 2.8/4.5,0, 인턴 1회,6,952, 읽음,,,,,,,,
수도권4년, 정보통신공학, 학점 2.92/4.5,0, 사회활동 1회, 자원봉사 2회,9,189, 읽음,,,,,,,
수도권4년,산업공학, 학점 3.7/4.5, 토익 820, 토스 Level6, 자격증 1개, 인턴 1회,13,305, 읽음,,,,,,
수도권4년,컴퓨터학부, 학점 3.83/4.5, 토익 945, 오픽 IM1, 자격증 3개, 수상 3회, 동아리 1회, 교내활동 1회,10,122, 읽음,,,,
지방4년,컴퓨터학부, 학점 4.05/4.5, 토익 730, 오픽 IM2, 자격증 3개, 수상 2회, 자원봉사 1회,8,48, 읽음,,,,,
수도권4년,컴퓨터학부, 학점 3.4/4.5, 토익 885, 자격증 1개, 인턴 1회,12,127, 읽음,,,,,,,
수도권4년,전기전자, 학점 3.8/4.5,0, 해외경험 2회,11,10, 읽음,,,,,,,,
지방4년, 멀티미디어학과, 학점 4/4.5,0,10,659, 읽음,,,,,,,,,
지방4년,컴퓨터학부, 학점 4.17/4.5, 토익 785, 토스 Level6, 제2외국어 2개, 자격증 4개,7,513, 읽음,,,,,,
수도권4년,컴퓨터학부, 학점 3.5/4.5,0, 해외경험 1회, 인턴 1회,5,514, 읽음,,,,,,,
지방4년,컴퓨터학부, 학점 3.6/4.5, 토익 870, 토스 Level6, 오픽 IH, 자격증 2개, 해외경험 1회, 인턴 1회,7,136, 읽음,,,,
수도권4년,컴퓨터학부, 학점 3.6/4.5, 토익 780, 토스 Level6, 자격증 2개, 해외경험 1회,2,458, 읽음,,,,,,
수도권4년,산업공학, 학점 3.4/4.5, 토익 790, 토스 Level6,9,557, 읽음,,,,,,,,
수도권4년, 정보통신공학, 학점 3.9/4.5,0, 인턴 1회, 수상 1회, 자원봉사 2회,8,168, 읽음,,,,,,
수도권4년, 정보통신공학, 학점 4.02/4.5, 토익 810, 토스 Level6, 자격증 3개, 인턴 1회,11,902, 읽음,,,,,,
수도권4년,컴퓨터학부, 학점 3.7/4.5, 토익 850, 토스 Level6, 자격증 1개, 인턴 1회,13,542, 읽음,,,,,,
수도권4년, 통계학과(자연), 학점 3.51/4.5, 토익 785, 수상 1회, 교내활동 1회,16,120, 읽음,,,,,,,
초대졸,컴퓨터학부, 학점 4.1/4.5,0, 인턴 1회, 자원봉사 2회,7,353, 읽음,,,,,,,
대학원, 휴먼ICT융합학과, 학점 4.07/4.5, 오픽 IM2, 자격증 5개, 인턴 2회, 수상 2회,11,632, 읽음,,,,,,
수도권4년,컴퓨터학부, 학점 3.07/4.5,0, 인턴 1회, 동아리 1회,26,973, 읽음,,,,,,,
수도권4년,산업공학, 학점 3.68/4.5, 토스 Level6, 자격증 6개, 해외경험 1회, 인턴 2회, 수상 1회, 교내활동 1회, 사회활동 1회, 자원봉사 2회,42,597, 읽음,,
수도권4년,산업공학, 학점 3.3/4.5, 토익 840, 토스 Level6, 자격증 1개,37,48, 읽음,,,,,,,
대학원,컴퓨터학부, 학점 3.8/4.5,0,643, 읽음,,,,,,,,,,
수도권4년, 응용통계학과, 학점 3.63/4.5, 토익 900, 자격증 2개, 인턴 1회, 자원봉사 1회,15,68, 읽음,,,,,,
수도권4년,컴퓨터학부, 학점 3.9/4.5, 토익 940, 자격증 1개,8,122, 읽음,,,,,,,,
수도권4년,컴퓨터학부, 학점 3.1/4.5, 토익 705, 자격증 1개, 인턴 1회,2,485, 읽음,,,,,,,
수도권4년, 소프트웨어공학, 학점 3.4/4.5,0, 수상 1회,10,211, 읽음,,,,,,,,
수도권4년, 정보통신공학, 학점 4.02/4.5, 토익 810, 토스 Level6, 자격증 3개, 인턴 1회,27,832, 읽음,,,,,,
지방4년,컴퓨터학부, 학점 3.8/4.5,0,8,684, 읽음,,,,,,,,,
지방4년, 소프트웨어공학, 학점 3.65/4.5, 토익 845, 토스 Level6, 자격증 2개, 해외경험 1회, 수상 1회,12,992, 읽음,,,,,
수도권4년,컴퓨터학부, 학점 3.7/4.5, 토익 765, 토스 Level5, 자격증 1개, 인턴 1회,8,590, 읽음,,,,,,
대졸4년, 응용통계학과, 학점 3.78/4.5, 토스 Level6, 자격증 2개, 인턴 1회, 수상 1회, 사회활동 1회,14,145, 읽음,,,,,
대졸4년, 소프트웨어공학, 학점 3.4/4.5,0, 수상 1회, 자원봉사 1회,16,146, 읽음,,,,,,,
수도권4년,컴퓨터학부, 학점 4/4.5, 토익 830, 토스 Level6, 자격증 1개, 인턴 1회,5,817, 읽음,,,,,,
수도권4년, 미디어학, 학점 4/4.5, 토익 805, 토스 Level6, 자격증 1개, 자원봉사 2회,13,711, 읽음,,,,,,
수도권4년,컴퓨터학부, 학점 3.82/4.5, 토익 735, 자격증 2개, 인턴 1회, 수상 3회,8,146, 읽음,,,,,,
수도권4년,컴퓨터학부, 학점 3.4/4.5, 토익 885, 자격증 1개, 인턴 1회,1,615, 읽음,,,,,,,
수도권4년,컴퓨터학부, 학점 3.7/4.5, 토익 825, 오픽 IH, 자격증 1개, 인턴 1회,9,38, 읽음,,,,,,
수도권4년, 영어영문학, 학점 3.92/4.5, 토익 980, 토스 Level7, 제2외국어 1개, 자격증 1개, 해외경험 1회,20,462, 읽음,,,,,
지방4년,컴퓨터학부, 학점 4.17/4.5, 토익 730, 토스 Level6, 제2외국어 1개, 자격증 4개,8,153, 읽음,,,,,,
지방4년,컴퓨터학부, 학점 3.5/4.5, 오픽 IL, 인턴 1회,4,945, 읽음,,,,,,,,
수도권4년,컴퓨터학부, 학점 3.5/4.5, 토익 890, 자격증 2개,8,139, 읽음,,,,,,,,
지방4년,컴퓨터학부, 학점 3.52/4.5, 토익 880, 오픽 IM2, 자격증 1개, 해외경험 1회, 인턴 1회, 수상 1회,23,538, 읽음,,,,
지방4년, 정보통신공학, 학점 3.53/4.5,0, 수상 1회,51,206, 읽음,,,,,,,,
수도권4년,산업공학, 학점 3.47/4.5, 토익 755, 오픽 IM2, 자격증 3개, 인턴 1회, 자원봉사 3회,20,151, 읽음,,,,,
수도권4년,컴퓨터학부, 학점 3.1/4.5, 토익 705, 자격증 1개, 인턴 1회,5,537, 읽음,,,,,,,
대졸4년,컴퓨터학부, 학점 3.01/4.5, 토익 840, 오픽 IH, 자격증 1개,6,48, 읽음,,,,,,,
수도권4년, 정보통신공학, 학점 4.02/4.5, 토익 810, 토스 Level6, 자격증 3개, 인턴 1회,11,686, 읽음,,,,,,
수도권4년,전기전자, 학점 2.74/4.5, 토익 620, 토스 Level3, 자격증 4개,13,680, 읽음,,,,,,,
지방4년,컴퓨터학부, 학점 4.05/4.5, 토익 730, 오픽 IM2, 자격증 3개, 수상 2회, 자원봉사 1회,40,762, 읽음,,,,,
수도권4년,컴퓨터학부, 학점 3.3/4.5, 토익 865, 자격증 4개, 해외경험 1회, 인턴 1회, 수상 1회, 자원봉사 1회,7,908, 읽음,,,,
지방4년,컴퓨터학부, 학점 3.6/4.5, 토익 800, 자격증 1개,13,368, 읽음,,,,,,,,
지방4년,컴퓨터학부, 학점 4.2/4.5, 토익 800, 토스 Level6,2,989, 읽음,,,,,,,,
지방4년,컴퓨터학부, 학점 3.2/4.5,0,448, 읽음,,,,,,,,,,
수도권4년,산업공학, 학점 3.68/4.5, 토익 810, 토스 Level6, 자격증 3개, 해외경험 1회, 인턴 2회, 수상 1회, 교내활동 1회, 사회활동 1회, 자원봉사 2회,27,321, 읽음,
대졸4년,컴퓨터학부, 학점 3.01/4.5, 토익 840, 오픽 IH, 자격증 1개,8,164, 읽음,,,,,,,
지방4년, 소프트웨어공학, 학점 3.5/4.5, 토익 755, 토스 Level5, 자격증 1개, 수상 3회,6,134, 읽음,,,,,,
수도권4년, 정보통신공학, 학점 4.02/4.5, 토익 810, 토스 Level6, 자격증 3개, 인턴 1회,50,981, 읽음,,,,,,
수도권4년, 응용통계학과, 학점 3.33/4.3, 토익 950, 오픽 AL, 인턴 2회, 수상 3회, 동아리 1회,45,583, 읽음,,,,,
수도권4년,컴퓨터학부, 학점 3.9/4.5, 토익 940, 자격증 1개,7,621, 읽음,,,,,,,,
수도권4년,컴퓨터학부, 학점 3.6/4.5,0, 인턴 1회, 수상 1회, 자원봉사 1회,11,831, 읽음,,,,,,
대학원,컴퓨터학부, 학점 4.44/4.5, 토익 765, 오픽 IM1, 자격증 2개, 수상 7회, 자원봉사 3회,13,503, 읽음,,,,,
지방4년, 통계학과(자연), 학점 3.3/4.3, 토익 820, 자격증 4개, 수상 1회, 동아리 1회, 사회활동 1회,11,35, 읽음,,,,,
지방4년,컴퓨터학부, 학점 3.14/4.5, 토익 695, 자격증 1개, 수상 2회, 자원봉사 1회,18,555, 읽음,,,,,,
수도권4년,전기전자, 학점 4.23/4.5, 오픽 IM2, 자격증 2개, 수상 2회, 동아리 1회, 교내활동 1회,29,848, 읽음,,,,,
수도권4년, 융합기계공학전공, 학점 3.12/4.5, 오픽 IH, 자격증 1개, 인턴 1회, 수상 1회,15,98, 읽음,,,,,,
수도권4년,컴퓨터학부, 학점 3.7/4.5, 토익 765, 토스 Level5, 자격증 1개, 인턴 1회,17,93, 읽음,,,,,,
지방4년, 정보통신공학, 학점 3.53/4.5,0,26,619, 읽음,,,,,,,,,
수도권4년,전기전자, 학점 3.1/4.5, 토익 960, 토스 Level6,6,357, 읽음,,,,,,,,
수도권4년, 정보통신공학, 학점 3.7/4.5, 토익 710, 토스 Level5, 인턴 1회, 수상 2회,1,553, 읽음,,,,,,
지방4년,컴퓨터학부, 학점 3.7/4.5, 토익 780, 오픽 IM2, 자격증 1개, 수상 1회,7,660, 읽음,,,,,,
수도권4년, 정보통신공학, 학점 4.02/4.5, 토익 810,9,848, 읽음,,,,,,,,,
수도권4년,컴퓨터학부, 학점 3.9/4.5, 토익 940, 자격증 1개,2,986, 읽음,,,,,,,,
대졸4년,컴퓨터학부, 학점 3.74/4.5, 토익 850, 토스 Level6, 자격증 1개, 인턴 2회,10,451, 읽음,,,,,,
수도권4년,컴퓨터학부, 학점 3.6/4.5, 토익 780, 토스 Level6, 자격증 2개, 해외경험 1회,10,665, 읽음,,,,,,
대졸4년,컴퓨터학부, 학점 3.74/4.5, 토익 850, 토스 Level6, 자격증 1개, 인턴 2회,14,102, 읽음,,,,,,
수도권4년,컴퓨터학부, 학점 3.4/4.5, 토익 885, 자격증 1개, 인턴 1회,11,721, 읽음,,,,,,,
수도권4년, 영어영문학, 학점 3.92/4.5, 토익 965, 오픽 IH, 자격증 1개, 해외경험 1회, 동아리 1회, 자원봉사 1회,10,278, 읽음,,,,
수도권4년,컴퓨터학부, 학점 3.5/4.5, 토익 890, 자격증 2개,10,189, 읽음,,,,,,,,
수도권4년,컴퓨터학부, 학점 3.7/4.5, 토익 825, 오픽 IH, 자격증 1개, 인턴 1회,11,517, 읽음,,,,,,
수도권4년,컴퓨터학부, 학점 3.5/4.5,0, 해외경험 1회, 인턴 1회,8,5, 읽음,,,,,,,
수도권4년,컴퓨터학부, 학점 3.07/4.5,0, 인턴 1회, 동아리 1회,13,323, 읽음,,,,,,,
수도권4년,컴퓨터학부, 학점 3.4/4.5, 토익 885, 자격증 1개, 인턴 1회,9,367, 읽음,,,,,,,
대졸4년,컴퓨터학부, 학점 3.74/4.5, 토익 850, 토스 Level6, 자격증 1개, 인턴 2회,15,372, 읽음,,,,,,
지방4년,컴퓨터학부, 학점 3.8/4.5, 토익 780, 토스 Level6, 자격증 2개,3,899, 읽음,,,,,,,
수도권4년,컴퓨터학부, 학점 3.4/4.5, 토익 845, 토스 Level6, 자격증 5개, 해외경험 1회, 인턴 1회, 수상 3회, 자원봉사 1회,10,514, 읽음,,,
대졸4년,컴퓨터학부, 학점 3.74/4.5, 토익 850, 토스 Level6, 자격증 1개, 인턴 2회,13,583, 읽음,,,,,,
지방4년,컴퓨터학부, 학점 3.2/4.5, 토익 755, 자격증 4개, 인턴 2회, 수상 1회,22,954, 읽음,,,,,,
수도권4년,컴퓨터학부, 학점 3.7/4.5, 토익 850, 토스 Level6, 자격증 1개, 인턴 1회,6,884, 읽음,,,,,,
지방4년,컴퓨터학부, 학점 3.86/4.3, 오픽 IL,15,809, 읽음,,,,,,,,,
수도권4년, 경영학과_경영전공, 학점 3.85/4.5, 오픽 IH, 해외경험 1회, 인턴 1회, 수상 1회, 교내활동 1회,30,958, 읽음,,,,,
수도권4년,전기전자, 학점 3.43/4.5, 토익 810, 토스 Level6, 자격증 3개,13,541, 읽음,,,,,,,
수도권4년,전기전자, 학점 3.4/4.5, 토익 800,13,843, 읽음,,,,,,,,,
대졸4년, 인문학부, 학점 3.5/4.5, 토익 910, 자격증 1개, 인턴 1회,10,955, 읽음,,,,,,,
초대졸, 소프트웨어공학, 학점 3.67/4.5,0, 인턴 1회,27,130, 읽음,,,,,,,,
지방4년,컴퓨터학부, 학점 3.75/4.5, 오픽 IM2,8,318, 읽음,,,,,,,,,
수도권4년,컴퓨터학부, 학점 4/4.5, 토익 715, 자격증 1개, 인턴 1회, 수상 1회, 자원봉사 1회,2,172, 읽음,,,,,
수도권4년, 정보통신공학, 학점 4.02/4.5, 토익 810, 토스 Level6, 자격증 3개, 인턴 1회,5,598, 읽음,,,,,,
수도권4년,컴퓨터학부, 학점 3.7/4.5, 토익 765, 토스 Level5, 자격증 1개, 인턴 1회,9,347, 읽음,,,,,,
수도권4년,컴퓨터학부, 학점 3.6/4.5, 토익 805, 토스 Level5, 자격증 1개,4,88, 읽음,,,,,,,
지방4년,컴퓨터학부, 학점 4.05/4.5, 토익 730, 오픽 IM2, 자격증 3개, 수상 2회, 자원봉사 1회,84,860, 읽음,,,,,
수도권4년, 정보통신공학, 학점 3.56/4.5, 오픽 IH, 자격증 4개, 해외경험 1회, 인턴 1회, 수상 7회, 동아리 2회, 사회활동 4회,12,384, 읽음,,,
수도권4년, 정보통신공학, 학점 3.14/4.5, 오픽 IM1, 자격증 6개, 인턴 1회, 수상 2회, 동아리 1회,21,439, 읽음,,,,,
수도권4년, 정보통신공학, 학점 3.2/4.5, 토익 800, 토스 Level6, 자격증 1개, 수상 1회,13,990, 읽음,,,,,,
수도권4년,컴퓨터학부, 학점 3.7/4.5, 토익 850, 자격증 1개, 인턴 1회,14,490, 읽음,,,,,,,
지방4년,컴퓨터학부, 학점 3.6/4.5, 토익 870, 토스 Level6, 오픽 IH, 자격증 2개, 해외경험 1회, 인턴 1회,22,352, 읽음,,,,
지방4년,컴퓨터학부, 학점 3.86/4.3, 오픽 IL,26,572, 읽음,,,,,,,,,
수도권4년,전기전자, 학점 3.5/4.5, 토익 775, 자격증 1개, 해외경험 1회,6,609, 읽음,,,,,,,
수도권4년,컴퓨터학부, 학점 4/4.5, 토익 830, 토스 Level6, 자격증 1개, 인턴 1회,21,206, 읽음,,,,,,
지방4년, 소프트웨어공학, 학점 3.65/4.5, 토익 845, 토스 Level6, 자격증 2개, 해외경험 1회, 수상 1회,23,524, 읽음,,,,,
대졸4년, 전공자유학부, 학점 3.5/4.5,0,697, 읽음,,,,,,,,,,
수도권4년,컴퓨터학부, 학점 3.07/4.5,0, 인턴 1회, 동아리 1회,13,354, 읽음,,,,,,,
지방4년,컴퓨터학부, 학점 4.05/4.5, 토익 730, 오픽 IM2, 자격증 3개, 수상 2회, 자원봉사 1회,4,863, 읽음,,,,,
지방4년,컴퓨터학부, 학점 4.12/4.5,0, 인턴 1회,7,508, 읽음,,,,,,,,
수도권4년, 정보통신공학, 학점 3.58/4.5, 토익 945, 토스 AL, 자격증 2개, 인턴 2회, 수상 1회, 사회활동 1회,13,621, 읽음,,,,
지방4년,컴퓨터학부, 학점 4.2/4.5, 토익 930, 오픽 IH, 자격증 1개, 해외경험 1회, 인턴 1회, 수상 1회, 자원봉사 1회,7,687, 읽음,,,
수도권4년,전기전자, 학점 3.7/4.5,0,452, 읽음,,,,,,,,,,
수도권4년,컴퓨터학부, 학점 3.9/4.5, 토익 940, 자격증 1개,27,903, 읽음,,,,,,,,
수도권4년,컴퓨터학부, 학점 4.1/4.5, 토익 845, 오픽 IH, 교내활동 1회,50,864, 읽음,,,,,,,
대학원,컴퓨터학부, 학점 3.57/4.5,0,14,722, 읽음,,,,,,,,,
지방4년, 정보통신공학, 학점 3.2/4.5, 토익 715, 자격증 4개, 인턴 1회, 자원봉사 2회,12,344, 읽음,,,,,,
수도권4년,컴퓨터학부, 학점 3.85/4.5, 토익 820, 토스 Level6, 자격증 1개,41,226, 읽음,,,,,,,
수도권4년,컴퓨터학부, 학점 3.3/4.5, 토익 650, 오픽 M1, 자격증 1개,3,441, 읽음,,,,,,,
수도권4년,컴퓨터학부, 학점 3.2/4.5, 토익 845, 오픽 IM2, 자격증 4개, 해외경험 1회, 수상 2회, 자원봉사 2회,6,643, 읽음,,,,
지방4년,컴퓨터학부, 학점 3.86/4.3, 오픽 IL,3,657, 읽음,,,,,,,,,
대졸4년, 소프트웨어공학, 학점 3.4/4.5,0, 수상 1회, 자원봉사 1회,2,257, 읽음,,,,,,,
수도권4년,컴퓨터학부, 학점 3.5/4.5, 토익 775, 자격증 1개,3,542, 읽음,,,,,,,,
지방4년,컴퓨터학부, 학점 4.05/4.5, 토익 730, 오픽 IM2, 자격증 3개, 수상 2회, 자원봉사 1회,5,447, 읽음,,,,,
지방4년,컴퓨터학부, 학점 3.6/4.5, 토익 870, 토스 Level6, 오픽 IH, 자격증 2개, 해외경험 1회, 인턴 1회,9,94, 읽음,,,,
수도권4년, 소프트웨어공학, 학점 3.4/4.5, 토스 Level4, 자격증 1개, 수상 1회, 자원봉사 1회,6,860, 읽음,,,,,,
지방4년,컴퓨터학부, 학점 3.75/4.5, 오픽 IM2,10,108, 읽음,,,,,,,,,
수도권4년,전기전자, 학점 3.7/4.5, 토익 690, 토스 Level5, 자격증 2개,3,616, 읽음,,,,,,,
수도권4년,산업공학, 학점 3.47/4.5, 토익 755, 오픽 IM2, 자격증 3개, 인턴 1회, 자원봉사 3회,12,353, 읽음,,,,,
수도권4년,컴퓨터학부, 학점 2.7/4.5,0, 자원봉사 2회,3,680, 읽음,,,,,,,,
지방4년,컴퓨터학부, 학점 3.86/4.3, 오픽 IL,9,905, 읽음,,,,,,,,,
수도권4년,전기전자, 학점 3.32/4.5,0, 동아리 2회,20,978, 읽음,,,,,,,,
대학원,전기전자, 학점 4.36/4.5, 토스 Level5, 오픽 IL, 제2외국어 2개, 자격증 1개, 동아리 1회, 자원봉사 1회,12,383, 읽음,,,,
수도권4년, 경영학과_경영전공, 학점 3.85/4.5, 오픽 IH, 해외경험 1회, 인턴 1회, 수상 1회,62,819, 읽음,,,,,,
수도권4년, 사이버보안학과, 학점 4.18/4.5, 토익 895, 자격증 1개, 인턴 1회,24,388, 읽음,,,,,,,
대졸4년,컴퓨터학부, 학점 3.1/4.5, 토익 705, 자격증 1개, 인턴 1회,23,647, 읽음,,,,,,,
수도권4년,컴퓨터학부, 학점 3.6/4.5, 오픽 M2, 자격증 1개, 인턴 1회,5,502, 읽음,,,,,,,
